"performance_id";"employee_id";"review_date";"performance_rating_clean";"productivity_score_clean";"quality_score_clean";"manager_rating";"performance_status"
1;11;"2025-04-13";1.4;75.48;53.39;2.3;"Needs Improvement"
2;18;"2025-09-05";3.4;81.06;76.03;1.8;"Good"
3;18;"2025-07-30";2.7;81.51;65.58;1.9;"Needs Improvement"
4;22;"2026-04-07";4.0;53.11;67.21;3.4;"Average"
5;22;"2025-06-05";1.3;52.9;61.12;4.8;"Needs Improvement"
6;50;"2025-01-24";4.4;84.72;71.93;1.8;"Good"
7;51;"2026-06-19";2.2;70.9;49.75;5.0;"Good"
8;51;"2025-03-17";2.3;99.86;43.15;4.3;"Excellent"
9;64;"2026-05-24";4.8;57.65;46.08;1.5;"Good"
10;64;"2025-07-31";1.8;87.53;50.39;3.9;"Excellent"
11;72;"2025-10-13";3.5;61.68;60.79;2.9;"Good"
12;72;"2025-04-19";2.8;45.41;75.01;4.2;"Good"
13;87;"2026-01-21";3.1;61.76;45.03;4.7;"Good"
14;102;"2026-03-24";1.4;62.48;47.98;3.8;"Excellent"
15;129;"2026-03-28";4.6;69.465905;41.61;4.5;"Good"
16;145;"2026-02-28";3.9;78.44;72.8;2.8;"Average"
17;171;"2025-09-02";3.7;59.37;98.97;3.2;"Needs Improvement"
18;171;"2026-03-14";4.7;54.61;51.77;4.3;"Average"
19;179;"2025-09-09";1.6;97.32;91.47;2.8;"Average"
20;179;"2025-12-29";1.6;69.465905;79.62;3.8;"Average"
21;182;"2025-09-13";1.7;62.96;84.92;4.2;"Needs Improvement"
22;182;"2025-03-11";1.7;49.0;60.21;1.8;"Excellent"
23;245;"2026-07-08";1.3;47.5;81.99;2.0;"Excellent"
24;245;"2026-07-18";2.3;82.49;72.04;1.3;"Needs Improvement"
25;267;"2026-06-13";4.1;99.77;91.32;3.3;"Good"
26;272;"2025-12-18";2.7;86.82;40.75;1.2;"Excellent"
27;303;"2025-09-21";2.4;73.77;76.61;1.3;"Average"
28;303;"2025-11-27";3.9;83.93;65.34;4.0;"Good"
29;309;"2025-12-04";1.2;80.63;71.19;4.5;"Needs Improvement"
30;317;"2025-04-02";4.5;41.46;81.9;3.5;"Excellent"
31;317;"2026-01-18";3.7;69.465905;70.819535;1.1;"Excellent"
32;321;"2026-01-19";2.4;83.5;82.37;3.4;"Needs Improvement"
33;321;"2025-12-10";4.4;46.0;52.08;2.2;"Needs Improvement"
34;335;"2025-02-21";4.3;83.31;62.36;3.2;"Average"
35;335;"2026-03-13";3.3;57.89;71.67;3.3;"Good"
36;369;"2025-09-22";1.1;60.23;55.6;4.7;"Needs Improvement"
37;404;"2025-03-23";4.5;59.62;62.4;2.0;"Excellent"
38;411;"2025-08-28";4.0;74.9;70.819535;2.3;"Average"
39;416;"2026-01-25";4.0;54.24;90.52;3.7;"Needs Improvement"
40;416;"2026-05-03";3.7;76.42;64.76;3.1;"Good"
41;425;"2025-09-12";3.7;47.16;48.24;2.6;"Average"
42;425;"2026-07-21";1.5;90.33;89.76;4.8;"Excellent"
43;443;"2025-10-16";2.0;72.43;97.9;2.1;"Good"
44;443;"2025-06-03";3.5;68.7;70.54;4.9;"Good"
45;452;"2025-03-18";2.6;75.6;76.32;2.6;"Excellent"
46;469;"2026-01-11";2.8;93.29;90.06;4.5;"Needs Improvement"
47;469;"2026-05-01";0.0;50.25;47.23;4.3;"Needs Improvement"
48;484;"2025-05-02";1.3;69.465905;89.51;4.3;"Average"
49;496;"2025-05-25";1.6;69.29;41.03;4.2;"Needs Improvement"
50;497;"2025-11-21";4.5;96.48;95.53;4.9;"Excellent"
51;497;"2026-05-13";3.9;61.48;55.37;1.3;"Average"
52;534;"2026-08-17";4.1;83.73;95.3;1.6;"Needs Improvement"
53;534;"2026-05-03";4.4;43.43;59.91;4.8;"Needs Improvement"
54;535;"2025-01-20";3.0;98.98;57.18;4.6;"Average"
55;535;"2026-02-27";1.2;68.5;78.39;4.8;"Needs Improvement"
56;1032;"2026-08-14";4.1;95.26;69.7;2.3;"Excellent"
57;1032;"2026-04-16";4.4;45.87;52.18;3.9;"Needs Improvement"
58;21;"2026-08-13";1.6;44.89;49.61;4.0;"Good"
59;21;"2025-09-13";2.2;94.94;80.61;3.9;"Average"
60;26;"2025-12-08";3.7;95.56;64.93;2.4;"Average"
61;40;"2025-08-09";3.9;71.01;56.42;1.3;"Average"
62;40;"2026-08-05";2.9;45.04;65.54;2.3;"Good"
63;52;"2025-10-05";4.2;96.14;77.75;2.9;"Average"
64;52;"2025-09-19";2.9;56.79;97.57;2.3;"Average"
65;54;"2026-06-22";3.4;73.87;53.12;2.4;"Excellent"
66;54;"2025-10-01";4.9;75.34;60.21;4.3;"Excellent"
67;86;"2026-05-21";1.4;72.33;54.12;3.7;"Average"
68;86;"2026-02-06";1.6;77.86;83.75;3.7;"Excellent"
69;111;"2026-01-25";3.4;70.53;57.43;3.2;"Needs Improvement"
70;111;"2025-05-18";4.6;50.23;44.6;2.7;"Needs Improvement"
71;146;"2026-05-02";1.5;51.32;64.25;1.2;"Needs Improvement"
72;148;"2026-03-19";4.4;81.15;58.04;2.2;"Average"
73;159;"2025-08-05";2.2;70.57;97.05;3.7;"Good"
74;159;"2025-12-09";3.1;40.58;62.36;1.9;"Needs Improvement"
75;167;"2025-12-07";4.2;50.63;47.73;4.4;"Needs Improvement"
76;168;"2025-01-17";1.3;99.91;62.76;1.3;"Excellent"
77;170;"2026-03-27";2.1;65.59;79.12;2.2;"Average"
78;186;"2025-07-09";2.7;42.57;44.56;4.4;"Excellent"
79;188;"2025-02-11";4.1;42.19;85.14;1.2;"Needs Improvement"
80;190;"2025-12-22";3.2;40.24;50.98;5.0;"Good"
81;190;"2026-03-24";1.8;50.62;71.18;4.1;"Good"
82;203;"2026-01-24";4.1;69.465905;98.06;2.7;"Excellent"
83;203;"2026-01-05";1.5;69.465905;86.27;3.2;"Good"
84;206;"2026-04-28";3.4;61.04;50.43;2.3;"Excellent"
85;229;"2026-07-24";2.8;69.465905;92.9;1.2;"Average"
86;229;"2026-03-27";1.9;60.47;72.27;3.2;"Excellent"
87;257;"2026-08-07";1.6;99.52;72.81;4.3;"Good"
88;274;"2025-11-19";3.2;64.44;92.91;1.6;"Excellent"
89;274;"2026-04-10";4.6;99.5;88.55;3.3;"Good"
90;275;"2025-06-17";2.0;54.84;66.62;3.8;"Excellent"
91;346;"2025-12-09";3.2;53.27;57.74;3.0;"Average"
92;350;"2025-06-15";3.3;78.86;41.94;4.1;"Needs Improvement"
93;350;"2026-02-06";3.6;45.36;97.46;4.4;"Good"
94;368;"2026-05-01";4.5;48.73;98.9;2.8;"Good"
95;368;"2026-02-10";4.0;52.74;55.92;2.5;"Excellent"
96;373;"2025-03-02";0.0;78.1;40.33;1.3;"Good"
97;383;"2026-04-24";3.9;80.55;56.89;4.3;"Good"
98;422;"2025-02-08";2.7;74.79;49.09;4.3;"Average"
99;464;"2025-08-08";3.0;43.85;87.01;3.1;"Good"
100;465;"2026-03-20";3.8;88.06;90.54;2.9;"Needs Improvement"
101;466;"2025-11-15";4.7;83.96;77.64;2.0;"Good"
102;488;"2025-01-23";3.2;60.01;56.93;2.0;"Good"
103;488;"2025-06-07";4.1;54.63;82.79;3.0;"Good"
104;514;"2025-07-25";2.3;95.58;85.14;3.6;"Needs Improvement"
105;1031;"2025-09-01";1.2;52.31;70.819535;3.0;"Good"
106;1031;"2025-04-12";3.9;42.0;52.87;3.7;"Needs Improvement"
107;1037;"2025-07-12";4.4;54.44;95.91;2.1;"Average"
108;1;"2026-02-17";1.9;54.3;65.75;3.6;"Excellent"
109;10;"2025-07-14";1.2;52.73;69.92;1.0;"Average"
110;25;"2026-07-31";0.0;75.57;55.72;2.9;"Average"
111;27;"2025-11-16";2.5;62.04;75.38;2.3;"Needs Improvement"
112;37;"2026-04-09";3.3;40.73;42.36;4.0;"Average"
113;57;"2025-04-03";4.5;60.62;76.1;4.3;"Good"
114;90;"2025-01-22";3.5;60.94;46.29;1.9;"Needs Improvement"
115;90;"2025-05-02";1.8;51.7;87.96;4.1;"Good"
116;96;"2025-09-27";4.2;44.25;51.23;3.0;"Needs Improvement"
117;103;"2026-04-18";3.7;90.56;93.18;4.9;"Good"
118;103;"2026-06-29";4.7;64.61;68.05;3.1;"Excellent"
119;116;"2025-09-26";4.1;72.34;60.49;3.1;"Average"
120;116;"2025-01-16";4.0;52.19;41.25;2.3;"Average"
121;119;"2025-10-15";2.3;69.465905;70.819535;1.1;"Excellent"
122;137;"2025-07-12";4.8;59.75;77.66;4.1;"Needs Improvement"
123;137;"2026-01-14";2.3;77.89;40.55;1.4;"Good"
124;139;"2025-05-25";1.6;83.83;70.51;3.1;"Excellent"
125;153;"2026-05-29";2.7;51.56;95.33;3.0;"Needs Improvement"
126;153;"2026-02-05";3.4;50.28;97.59;3.1;"Average"
127;175;"2026-08-16";2.7;52.81;52.93;3.3;"Excellent"
128;185;"2025-08-13";3.2;44.98;77.43;3.4;"Excellent"
129;218;"2026-04-01";4.0;53.02;67.97;1.2;"Needs Improvement"
130;218;"2025-01-02";4.6;46.26;92.1;4.3;"Average"
131;285;"2026-05-07";3.1;64.17;41.63;5.0;"Needs Improvement"
132;285;"2026-01-24";2.2;90.89;65.64;4.8;"Good"
133;311;"2025-08-25";1.4;73.63;79.01;4.4;"Good"
134;320;"2025-04-22";3.4;72.65;41.77;1.6;"Average"
135;325;"2026-07-09";4.4;86.89;53.38;4.9;"Excellent"
136;325;"2026-06-11";4.3;97.57;83.12;1.9;"Excellent"
137;332;"2026-06-28";1.1;69.69;45.63;1.5;"Good"
138;332;"2025-09-05";4.5;43.1;42.31;1.3;"Good"
139;339;"2026-02-20";4.1;71.84;45.32;4.3;"Needs Improvement"
140;339;"2025-10-04";3.3;79.2;57.93;1.6;"Needs Improvement"
141;345;"2025-10-21";1.4;81.82;54.75;2.7;"Good"
142;353;"2025-11-28";1.6;81.01;83.96;1.8;"Needs Improvement"
143;353;"2025-01-22";4.1;49.76;53.56;4.6;"Needs Improvement"
144;357;"2026-03-24";3.8;87.17;72.47;2.5;"Excellent"
145;407;"2025-09-25";1.2;47.72;94.32;1.6;"Excellent"
146;418;"2025-02-04";3.9;59.94;84.99;4.6;"Good"
147;430;"2025-03-24";2.2;65.07;55.58;5.0;"Excellent"
148;433;"2026-07-31";3.0;81.16;76.66;2.8;"Good"
149;453;"2025-08-18";3.1;57.54;96.36;1.8;"Excellent"
150;453;"2026-01-15";1.4;44.41;73.51;2.3;"Needs Improvement"
151;461;"2026-04-29";2.3;98.79;79.91;4.1;"Needs Improvement"
152;462;"2026-01-23";4.7;74.44;80.32;4.7;"Average"
153;480;"2025-08-25";1.2;74.38;61.58;1.6;"Average"
154;502;"2025-04-10";4.4;77.2;70.819535;1.6;"Average"
155;502;"2025-02-14";3.9;50.53;86.64;1.4;"Excellent"
156;505;"2026-01-12";1.8;48.04;85.34;4.5;"Excellent"
157;505;"2025-02-08";0.0;58.1;77.24;2.6;"Excellent"
158;510;"2026-07-09";4.4;76.88;48.05;2.1;"Excellent"
159;510;"2025-03-08";4.8;56.48;73.71;4.1;"Excellent"
160;515;"2026-04-12";4.8;97.26;77.93;2.1;"Good"
161;515;"2025-07-31";4.6;88.97;67.55;4.8;"Good"
162;523;"2025-01-20";1.9;43.94;51.01;3.0;"Needs Improvement"
163;523;"2025-07-25";2.8;60.44;69.18;3.1;"Excellent"
164;528;"2026-07-12";1.3;49.51;57.66;4.2;"Excellent"
165;528;"2025-10-17";3.7;70.42;72.83;3.0;"Needs Improvement"
166;531;"2026-07-01";4.2;40.84;43.67;2.8;"Excellent"
167;533;"2025-02-11";3.8;85.33;41.03;4.7;"Average"
168;56;"2026-01-25";1.1;81.67;96.37;1.3;"Average"
169;115;"2025-01-23";4.9;56.19;58.71;2.1;"Good"
170;115;"2026-01-13";2.9;66.73;49.12;2.1;"Needs Improvement"
171;121;"2025-07-01";4.4;53.07;75.49;1.8;"Good"
172;128;"2025-09-30";1.5;43.85;52.25;4.9;"Good"
173;136;"2026-06-13";1.1;63.82;63.48;1.0;"Needs Improvement"
174;136;"2026-05-21";2.0;52.77;86.38;2.7;"Needs Improvement"
175;165;"2026-03-11";4.2;69.31;50.53;3.8;"Needs Improvement"
176;165;"2025-06-17";4.4;69.51;85.77;4.5;"Excellent"
177;193;"2025-01-24";1.7;86.15;48.11;2.6;"Average"
178;194;"2025-02-20";4.1;41.87;75.06;3.1;"Needs Improvement"
179;194;"2025-08-01";2.4;55.33;88.05;2.1;"Needs Improvement"
180;216;"2026-04-06";2.6;79.17;89.56;2.8;"Needs Improvement"
181;227;"2025-11-08";2.6;43.0;57.38;4.1;"Excellent"
182;231;"2025-06-29";2.8;99.75;88.32;2.4;"Good"
183;246;"2025-05-08";5.0;95.95;87.24;1.7;"Average"
184;246;"2026-03-04";2.7;76.06;77.4;4.4;"Good"
185;248;"2026-01-05";4.2;71.82;96.33;3.3;"Excellent"
186;248;"2026-04-27";3.6;98.02;76.2;3.9;"Needs Improvement"
187;251;"2026-08-10";4.0;70.42;91.45;2.0;"Average"
188;256;"2025-02-12";3.3;69.465905;80.13;2.3;"Average"
189;259;"2025-03-22";2.3;44.56;67.87;4.6;"Excellent"
190;270;"2026-02-02";3.7;100.0;91.35;1.7;"Good"
191;290;"2026-06-27";4.6;89.42;76.79;2.7;"Excellent"
192;301;"2026-05-27";1.8;98.93;95.91;2.3;"Needs Improvement"
193;301;"2025-02-03";2.0;65.24;79.76;4.8;"Needs Improvement"
194;306;"2025-07-24";1.9;65.46;95.86;1.5;"Needs Improvement"
195;308;"2026-06-14";1.8;96.0;93.83;2.9;"Average"
196;330;"2025-10-04";2.3;47.43;62.92;4.4;"Excellent"
197;330;"2025-06-29";2.5;74.55;69.97;3.2;"Good"
198;333;"2025-06-24";4.1;57.82;74.69;4.2;"Good"
199;342;"2026-03-15";1.3;95.32;88.47;4.6;"Excellent"
200;342;"2026-02-17";3.4;51.42;53.66;2.8;"Average"
201;347;"2026-01-02";1.4;53.88;74.56;4.7;"Needs Improvement"
202;347;"2025-04-07";2.3;87.22;99.87;3.3;"Needs Improvement"
203;363;"2026-02-03";3.9;89.0;99.13;1.3;"Good"
204;363;"2025-05-07";3.6;56.27;63.39;1.9;"Needs Improvement"
205;390;"2026-06-01";3.6;83.83;98.11;3.2;"Needs Improvement"
206;390;"2025-01-09";4.3;77.56;65.71;3.2;"Average"
207;419;"2025-02-12";2.7;71.31;42.75;2.9;"Excellent"
208;419;"2026-07-14";1.6;59.42;91.6;4.2;"Good"
209;428;"2026-03-07";1.1;53.24;92.31;4.4;"Average"
210;431;"2025-03-24";2.6;56.51;80.32;4.4;"Good"
211;434;"2026-06-21";1.4;81.23;54.17;1.8;"Good"
212;455;"2025-08-24";2.2;41.72;94.88;4.1;"Excellent"
213;455;"2025-02-01";4.6;84.5;96.31;1.8;"Excellent"
214;471;"2025-11-25";4.9;86.84;98.31;1.3;"Good"
215;477;"2025-01-03";2.0;73.3;62.32;3.6;"Excellent"
216;477;"2025-02-01";2.4;69.465905;48.86;3.5;"Average"
217;499;"2026-03-24";4.9;83.55;43.57;4.8;"Average"
218;499;"2026-05-18";3.1;64.01;93.71;1.9;"Good"
219;511;"2026-03-02";4.1;71.92;42.67;2.0;"Excellent"
220;511;"2026-02-22";3.9;57.0;97.93;1.6;"Needs Improvement"
221;525;"2025-08-23";2.2;44.19;80.69;3.6;"Good"
222;525;"2026-03-26";4.8;54.66;47.2;4.6;"Excellent"
223;1024;"2025-02-01";2.4;49.23;87.05;4.9;"Average"
224;1035;"2026-02-26";3.9;60.95;49.59;3.7;"Needs Improvement"
225;1035;"2025-11-24";2.3;53.58;63.55;3.1;"Good"
226;2;"2025-10-21";2.9;84.46;85.08;4.9;"Average"
227;2;"2026-03-28";4.4;69.465905;57.64;1.3;"Average"
228;8;"2025-12-18";2.1;91.78;97.97;3.8;"Average"
229;24;"2025-04-11";2.6;96.78;66.88;4.5;"Needs Improvement"
230;24;"2026-06-07";3.3;50.15;40.17;1.4;"Average"
231;32;"2025-02-16";3.8;62.24;91.21;2.2;"Needs Improvement"
232;32;"2025-01-15";3.2;45.95;99.82;4.2;"Excellent"
233;48;"2025-11-05";2.2;43.78;70.02;3.8;"Needs Improvement"
234;59;"2025-07-21";4.7;63.72;55.83;2.8;"Good"
235;78;"2026-01-23";4.6;58.17;78.69;2.2;"Average"
236;109;"2026-03-20";1.9;80.05;78.41;1.1;"Excellent"
237;127;"2026-01-03";1.5;44.16;45.56;2.9;"Excellent"
238;127;"2026-04-08";2.7;45.82;42.03;4.1;"Needs Improvement"
239;147;"2025-07-16";2.2;84.39;61.72;3.6;"Excellent"
240;147;"2026-06-17";4.6;51.52;70.5;2.2;"Needs Improvement"
241;149;"2025-04-11";1.7;85.33;70.819535;4.2;"Excellent"
242;161;"2025-01-16";2.7;87.8;59.82;3.5;"Excellent"
243;161;"2025-01-29";4.8;68.18;66.8;3.9;"Good"
244;164;"2026-06-21";3.6;68.36;43.07;4.9;"Average"
245;164;"2025-04-20";5.0;57.33;71.42;3.3;"Good"
246;252;"2026-07-11";2.1;44.72;95.5;1.5;"Needs Improvement"
247;266;"2026-05-08";1.3;53.1;63.15;2.2;"Good"
248;276;"2025-12-13";4.1;75.77;59.02;1.5;"Average"
249;281;"2025-08-26";2.0;98.23;57.44;2.3;"Needs Improvement"
250;283;"2026-07-13";1.8;74.08;95.33;1.9;"Good"
251;283;"2025-10-07";1.7;97.77;88.12;3.4;"Average"
252;293;"2026-01-29";2.3;42.63;70.819535;1.1;"Needs Improvement"
253;294;"2025-03-10";5.0;84.91;59.7;3.0;"Average"
254;294;"2025-12-14";3.0;47.53;97.71;1.8;"Excellent"
255;337;"2025-02-09";4.8;65.08;64.75;3.7;"Excellent"
256;337;"2026-03-28";3.4;86.22;50.01;1.6;"Excellent"
257;381;"2026-04-18";2.1;54.88;51.03;4.0;"Good"
258;384;"2025-06-26";1.9;85.49;59.36;2.0;"Good"
259;406;"2025-05-12";3.6;57.29;80.02;4.3;"Excellent"
260;410;"2026-04-14";2.0;70.31;67.14;4.5;"Excellent"
261;445;"2026-06-01";4.7;76.75;64.93;3.1;"Good"
262;445;"2025-10-19";4.2;86.33;70.09;3.5;"Average"
263;463;"2025-10-24";1.7;40.59;72.84;4.2;"Good"
264;463;"2026-07-30";2.7;63.32;75.29;1.4;"Average"
265;492;"2025-12-01";3.1;90.7;62.89;4.0;"Average"
266;495;"2025-10-23";1.4;68.06;99.31;3.8;"Average"
267;1036;"2026-04-07";2.0;86.31;66.48;4.0;"Good"
268;7;"2025-03-31";2.3;69.465905;70.819535;1.1;"Excellent"
269;28;"2026-01-08";3.1;70.57;93.77;1.9;"Good"
270;28;"2025-07-24";3.0;73.52;43.15;4.3;"Needs Improvement"
271;33;"2026-07-21";1.8;68.44;47.53;3.0;"Excellent"
272;33;"2025-03-26";3.3;92.9;68.44;3.8;"Excellent"
273;38;"2025-03-01";2.0;92.85;70.819535;2.9;"Good"
274;38;"2025-08-03";1.7;41.9;43.53;1.0;"Needs Improvement"
275;58;"2025-07-07";2.7;52.49;49.55;3.9;"Excellent"
276;58;"2025-09-06";3.1;49.63;62.02;2.3;"Average"
277;69;"2026-03-15";1.6;50.03;92.34;2.3;"Excellent"
278;69;"2025-10-03";1.5;42.39;83.47;1.5;"Good"
279;76;"2025-05-23";4.3;69.35;93.67;2.0;"Average"
280;76;"2025-05-05";3.5;96.17;51.54;4.0;"Excellent"
281;134;"2025-11-08";1.4;63.88;74.85;1.2;"Good"
282;138;"2025-08-22";2.2;69.465905;91.59;4.0;"Excellent"
283;158;"2026-02-04";3.0;64.61;60.31;4.0;"Average"
284;158;"2025-01-09";3.5;81.59;74.12;3.6;"Average"
285;172;"2025-12-29";3.6;69.465905;61.25;3.2;"Average"
286;184;"2026-05-22";2.4;96.12;80.48;2.1;"Good"
287;184;"2025-11-18";3.3;93.86;98.81;3.0;"Average"
288;196;"2025-11-12";1.3;94.84;75.19;4.7;"Needs Improvement"
289;204;"2025-10-30";0.0;68.74;45.3;3.9;"Good"
290;204;"2025-04-13";4.8;79.79;98.63;4.6;"Average"
291;215;"2025-12-02";2.0;90.55;81.69;4.0;"Average"
292;217;"2025-02-06";1.9;86.66;83.62;4.2;"Needs Improvement"
293;217;"2026-06-27";4.5;61.24;94.74;2.5;"Excellent"
294;234;"2025-12-20";4.4;99.48;47.1;4.7;"Good"
295;264;"2025-04-15";4.7;47.19;93.8;2.3;"Needs Improvement"
296;268;"2025-04-18";2.0;41.29;52.65;3.8;"Needs Improvement"
297;271;"2026-04-15";4.5;74.58;44.64;3.0;"Good"
298;286;"2025-11-27";2.5;45.91;71.85;1.6;"Excellent"
299;286;"2026-08-20";1.4;85.16;69.9;1.2;"Average"
300;318;"2026-03-15";3.4;42.77;62.55;3.3;"Average"
301;329;"2025-07-09";4.0;56.43;70.9;4.1;"Good"
302;329;"2025-09-26";3.5;41.97;94.45;4.7;"Needs Improvement"
303;387;"2025-01-06";4.3;83.77;61.99;3.8;"Good"
304;396;"2026-01-09";4.2;69.465905;57.81;2.9;"Good"
305;396;"2026-03-23";3.7;59.08;92.57;3.7;"Needs Improvement"
306;424;"2025-09-27";3.7;89.34;71.81;2.0;"Average"
307;426;"2026-08-07";2.8;69.465905;67.55;1.8;"Average"
308;449;"2025-01-01";2.7;42.3;95.17;4.1;"Excellent"
309;449;"2025-03-01";4.1;69.465905;77.04;4.6;"Average"
310;454;"2025-01-26";4.4;78.53;76.55;3.9;"Needs Improvement"
311;467;"2026-02-22";1.1;43.28;93.24;3.4;"Good"
312;467;"2026-08-08";1.8;51.35;83.22;4.3;"Needs Improvement"
313;489;"2025-05-23";3.6;51.13;81.15;2.1;"Good"
314;509;"2025-06-08";2.7;69.38;74.7;2.9;"Average"
315;509;"2026-05-11";2.9;74.14;72.7;3.3;"Excellent"
316;516;"2025-11-10";4.3;42.93;68.08;2.5;"Good"
317;516;"2025-08-02";3.8;57.63;70.819535;1.8;"Needs Improvement"
318;3;"2025-01-13";1.5;59.09;91.77;1.1;"Average"
319;15;"2025-07-04";1.3;69.465905;91.25;4.8;"Excellent"
320;15;"2025-03-03";1.6;86.95;75.32;1.7;"Excellent"
321;47;"2025-09-09";3.7;50.5;51.53;1.5;"Excellent"
322;60;"2025-10-23";3.1;72.85;80.44;4.9;"Needs Improvement"
323;60;"2025-12-24";2.7;91.24;59.93;4.7;"Average"
324;66;"2026-06-11";1.3;58.73;61.4;4.2;"Needs Improvement"
325;66;"2025-04-11";2.9;67.38;65.61;2.8;"Excellent"
326;71;"2025-04-22";0.0;75.7;48.7;3.3;"Good"
327;71;"2025-06-20";4.3;99.45;67.4;4.3;"Needs Improvement"
328;92;"2025-07-20";3.0;72.39;84.06;2.0;"Excellent"
329;92;"2025-04-23";3.8;80.54;70.65;1.1;"Average"
330;95;"2025-05-30";1.5;95.53;73.53;2.6;"Good"
331;95;"2025-10-07";2.0;69.28;43.24;4.0;"Average"
332;108;"2025-02-28";4.3;90.38;70.57;4.7;"Excellent"
333;124;"2026-06-19";4.2;54.12;54.96;2.1;"Average"
334;124;"2025-10-28";4.8;84.86;73.49;1.4;"Needs Improvement"
335;133;"2025-12-18";2.1;40.1;71.8;2.3;"Excellent"
336;133;"2025-06-16";4.1;67.01;68.2;4.4;"Needs Improvement"
337;143;"2026-06-13";2.4;73.66;75.28;4.9;"Excellent"
338;144;"2025-02-02";4.6;87.25;86.98;1.9;"Needs Improvement"
339;144;"2026-07-12";3.2;45.66;70.819535;4.4;"Excellent"
340;154;"2025-07-25";2.2;83.33;98.17;3.3;"Needs Improvement"
341;174;"2026-05-07";4.6;70.89;86.99;2.3;"Excellent"
342;183;"2026-01-14";4.0;84.17;49.65;4.9;"Good"
343;183;"2026-04-03";3.4;66.18;96.44;1.6;"Needs Improvement"
344;198;"2025-10-09";2.6;73.44;94.32;2.5;"Excellent"
345;202;"2025-09-24";2.6;81.07;61.9;4.1;"Needs Improvement"
346;202;"2025-09-07";4.8;50.81;95.92;3.3;"Excellent"
347;209;"2025-05-18";3.3;44.73;53.19;4.3;"Good"
348;239;"2026-03-20";2.0;40.64;99.64;1.6;"Needs Improvement"
349;239;"2025-02-26";3.6;73.24;79.32;3.7;"Good"
350;249;"2026-07-23";4.2;87.88;94.22;4.0;"Needs Improvement"
351;263;"2025-01-09";4.1;88.2;51.63;4.2;"Good"
352;282;"2025-03-28";4.1;59.16;48.46;4.4;"Needs Improvement"
353;282;"2025-01-21";2.6;45.47;53.76;2.8;"Average"
354;298;"2025-04-11";2.4;41.03;54.08;3.4;"Good"
355;302;"2025-04-11";4.0;92.19;82.81;3.3;"Average"
356;305;"2025-09-05";3.0;85.46;94.82;2.8;"Average"
357;305;"2025-02-10";2.6;69.465905;73.65;1.1;"Good"
358;323;"2025-10-17";1.5;96.55;89.63;4.0;"Excellent"
359;326;"2025-04-26";1.8;93.9;60.89;1.5;"Average"
360;326;"2026-07-25";2.2;41.82;95.7;1.1;"Good"
361;327;"2026-01-25";3.9;98.71;42.81;4.4;"Excellent"
362;334;"2025-07-18";2.0;87.95;95.49;3.5;"Good"
363;358;"2026-03-27";3.5;96.7;64.64;2.2;"Good"
364;358;"2026-07-29";3.1;47.71;89.47;1.8;"Average"
365;374;"2025-08-12";2.9;86.82;70.16;1.8;"Average"
366;376;"2025-11-01";4.6;71.21;87.23;3.1;"Good"
367;380;"2025-04-22";2.8;92.46;73.9;3.8;"Needs Improvement"
368;380;"2025-08-01";4.8;81.91;87.88;2.8;"Needs Improvement"
369;385;"2025-09-28";3.8;46.83;95.42;2.8;"Average"
370;385;"2026-02-02";4.4;57.89;97.86;3.0;"Average"
371;393;"2025-09-19";3.2;74.12;89.91;4.3;"Average"
372;397;"2025-02-01";3.7;52.46;96.45;2.5;"Excellent"
373;398;"2025-10-07";2.7;41.54;75.75;1.7;"Excellent"
374;400;"2026-07-28";4.4;66.5;87.68;2.2;"Excellent"
375;421;"2026-05-24";3.7;42.87;70.819535;4.6;"Average"
376;448;"2026-02-10";2.3;47.43;64.8;1.8;"Average"
377;448;"2025-07-21";3.9;92.14;95.69;1.5;"Needs Improvement"
378;479;"2025-10-18";4.1;61.62;92.45;3.4;"Good"
379;501;"2025-03-11";4.5;86.58;87.13;1.2;"Needs Improvement"
380;501;"2026-03-05";1.6;61.79;74.61;2.9;"Average"
381;503;"2026-07-30";1.0;72.14;45.77;4.4;"Excellent"
382;503;"2025-05-08";1.0;46.87;49.68;3.0;"Excellent"
383;506;"2025-05-02";3.2;65.02;44.32;3.3;"Average"
384;506;"2025-01-30";2.5;87.93;84.95;1.2;"Excellent"
385;512;"2025-02-27";2.7;43.51;61.72;3.0;"Good"
386;512;"2025-09-19";1.4;46.29;41.95;4.0;"Average"
387;530;"2025-10-25";2.4;49.83;98.7;3.4;"Excellent"
388;1027;"2025-12-27";3.9;66.24;85.28;3.1;"Good"
389;1027;"2026-06-14";1.6;81.4;91.69;4.8;"Excellent"
390;1028;"2025-08-17";4.1;45.03;82.93;4.2;"Needs Improvement"
391;6;"2025-04-24";2.3;70.11;70.819535;3.4;"Needs Improvement"
392;42;"2025-03-04";1.6;95.05;44.68;3.0;"Excellent"
393;77;"2025-12-12";4.7;49.95;96.01;1.8;"Excellent"
394;77;"2025-05-10";4.6;52.61;92.19;2.8;"Average"
395;80;"2026-06-17";2.3;40.82;65.08;1.1;"Needs Improvement"
396;82;"2026-04-18";3.4;47.69;47.37;4.6;"Excellent"
397;82;"2025-08-02";1.4;91.3;56.48;1.3;"Average"
398;99;"2025-09-28";4.5;63.72;82.98;2.8;"Excellent"
399;110;"2025-02-03";3.1;74.22;43.82;1.2;"Excellent"
400;110;"2026-06-08";4.5;95.4;75.94;4.9;"Excellent"
401;122;"2026-08-17";1.5;77.44;79.64;1.7;"Needs Improvement"
402;122;"2026-05-14";2.4;61.88;81.36;2.5;"Needs Improvement"
403;131;"2026-01-27";4.4;68.99;65.77;4.3;"Needs Improvement"
404;142;"2025-12-04";0.0;91.97;59.88;1.4;"Average"
405;142;"2025-11-24";4.4;50.26;70.819535;3.5;"Excellent"
406;163;"2025-03-17";4.0;40.85;73.87;1.2;"Average"
407;199;"2025-02-24";2.4;79.18;60.34;1.5;"Average"
408;199;"2026-02-10";4.1;68.99;56.68;4.0;"Needs Improvement"
409;208;"2025-05-29";0.0;63.84;70.55;1.5;"Excellent"
410;208;"2025-06-19";3.0;90.64;75.19;3.6;"Average"
411;210;"2025-08-03";1.1;48.89;78.42;3.2;"Needs Improvement"
412;212;"2025-02-10";4.1;53.18;48.99;1.3;"Needs Improvement"
413;212;"2025-04-11";2.5;64.82;74.85;1.0;"Good"
414;213;"2026-02-22";2.6;66.36;82.17;4.6;"Good"
415;213;"2025-06-10";3.0;46.03;64.06;3.3;"Average"
416;247;"2025-10-24";2.6;59.34;66.69;2.5;"Average"
417;247;"2025-10-05";4.3;61.72;71.56;1.3;"Average"
418;269;"2025-06-14";3.3;53.9;60.16;4.4;"Good"
419;273;"2025-10-08";3.9;64.61;60.68;2.5;"Needs Improvement"
420;273;"2025-04-18";3.8;72.15;97.08;4.3;"Good"
421;278;"2026-04-24";4.8;44.19;80.92;2.1;"Good"
422;312;"2025-02-08";0.0;59.58;70.819535;1.3;"Good"
423;364;"2026-03-11";3.1;68.07;49.49;1.2;"Needs Improvement"
424;375;"2026-08-15";2.6;88.66;86.06;2.3;"Good"
425;375;"2025-12-07";1.7;57.19;90.3;4.1;"Good"
426;379;"2025-03-09";4.9;81.97;65.64;4.3;"Needs Improvement"
427;379;"2026-05-05";1.4;59.52;63.46;1.5;"Average"
428;402;"2026-08-22";2.8;68.39;99.14;2.1;"Good"
429;402;"2025-02-06";4.7;52.73;77.04;3.9;"Needs Improvement"
430;414;"2025-07-26";3.0;73.27;97.8;2.0;"Good"
431;420;"2026-05-10";1.3;48.29;93.39;3.7;"Average"
432;450;"2025-12-06";4.2;98.48;62.97;3.9;"Average"
433;450;"2025-02-05";3.5;67.99;50.73;3.2;"Excellent"
434;459;"2025-04-11";2.6;94.72;88.77;4.7;"Excellent"
435;459;"2025-04-27";3.2;91.69;60.42;3.2;"Average"
436;460;"2026-04-29";4.6;94.12;40.87;3.6;"Excellent"
437;485;"2025-03-29";3.7;57.79;79.72;3.3;"Needs Improvement"
438;486;"2025-07-20";4.9;66.14;72.64;4.2;"Good"
439;507;"2026-08-19";0.0;72.92;54.75;1.4;"Average"
440;507;"2026-02-19";3.1;92.89;97.93;4.4;"Good"
441;520;"2025-03-07";2.6;65.35;71.03;4.7;"Excellent"
442;520;"2026-04-20";4.3;68.24;73.46;1.0;"Good"
443;1029;"2025-07-17";3.7;78.15;46.84;4.8;"Good"
444;1029;"2025-09-14";1.4;51.87;87.47;3.9;"Good"
445;4;"2026-02-22";4.8;88.09;80.11;3.0;"Good"
446;13;"2025-09-25";4.9;57.85;98.86;2.5;"Needs Improvement"
447;13;"2025-10-14";2.6;49.34;65.73;3.4;"Average"
448;45;"2026-05-11";3.0;54.4;98.57;4.5;"Good"
449;55;"2025-12-03";1.7;66.67;87.29;3.7;"Needs Improvement"
450;81;"2026-01-11";1.0;73.69;74.66;4.7;"Needs Improvement"
451;84;"2025-02-22";2.4;84.58;41.33;2.4;"Average"
452;84;"2026-03-21";2.9;59.76;99.73;4.9;"Needs Improvement"
453;94;"2025-03-19";2.4;63.68;63.55;1.9;"Needs Improvement"
454;98;"2026-04-08";3.9;82.64;42.36;1.4;"Good"
455;101;"2025-07-27";2.6;55.71;68.95;2.0;"Needs Improvement"
456;101;"2025-02-28";3.2;62.22;50.89;2.3;"Excellent"
457;112;"2025-12-11";4.4;97.99;83.42;2.0;"Excellent"
458;112;"2025-10-14";3.4;96.6;76.03;4.0;"Needs Improvement"
459;117;"2025-02-12";1.3;90.09;49.74;4.2;"Average"
460;117;"2025-09-01";3.2;90.87;48.19;2.9;"Needs Improvement"
461;126;"2025-01-31";2.2;64.67;41.94;2.6;"Needs Improvement"
462;126;"2025-02-21";2.6;40.36;65.72;2.9;"Excellent"
463;130;"2026-05-21";1.8;57.46;81.54;2.3;"Average"
464;197;"2025-01-24";2.5;72.15;94.93;4.5;"Average"
465;197;"2026-01-23";1.5;60.85;74.81;3.9;"Needs Improvement"
466;205;"2026-04-03";2.8;76.74;77.09;2.7;"Excellent"
467;222;"2025-10-13";1.1;57.05;47.92;3.7;"Needs Improvement"
468;225;"2025-03-11";2.2;85.21;74.16;4.0;"Excellent"
469;243;"2026-07-06";1.4;78.75;61.71;2.7;"Excellent"
470;277;"2026-07-05";4.5;72.68;63.32;2.3;"Good"
471;277;"2026-01-18";4.2;55.15;81.69;4.2;"Needs Improvement"
472;296;"2025-08-31";2.3;64.17;70.819535;4.2;"Needs Improvement"
473;296;"2025-05-13";3.3;85.3;55.43;3.3;"Excellent"
474;300;"2026-06-14";1.5;59.0;96.8;1.8;"Excellent"
475;307;"2025-02-07";4.9;93.25;47.25;1.5;"Good"
476;307;"2026-04-20";2.0;75.04;91.99;3.2;"Excellent"
477;314;"2025-03-22";3.7;73.62;76.08;1.9;"Good"
478;314;"2026-05-29";4.3;98.82;51.79;1.4;"Needs Improvement"
479;315;"2025-11-27";2.0;88.88;53.32;3.8;"Needs Improvement"
480;315;"2026-05-05";3.2;94.22;59.02;4.9;"Needs Improvement"
481;319;"2025-02-08";1.8;44.36;79.2;3.2;"Needs Improvement"
482;319;"2025-12-06";4.7;65.93;94.31;4.2;"Good"
483;322;"2026-03-06";4.3;43.65;88.78;3.7;"Needs Improvement"
484;322;"2026-04-23";5.0;90.07;91.58;4.5;"Needs Improvement"
485;324;"2026-06-18";2.9;45.46;65.54;3.0;"Good"
486;354;"2026-04-11";2.8;84.26;93.16;4.1;"Excellent"
487;354;"2026-04-07";4.4;59.14;61.78;1.1;"Excellent"
488;355;"2025-05-19";1.7;42.29;54.67;4.2;"Good"
489;355;"2025-12-01";4.5;74.74;48.25;3.3;"Good"
490;359;"2025-08-19";3.8;78.42;97.81;1.3;"Average"
491;359;"2026-01-29";3.2;78.47;70.819535;1.8;"Needs Improvement"
492;371;"2026-06-19";2.4;63.66;67.19;3.7;"Excellent"
493;371;"2025-03-13";3.8;65.68;84.04;2.0;"Excellent"
494;377;"2025-04-27";4.4;59.87;80.35;3.3;"Needs Improvement"
495;377;"2025-03-02";4.0;55.6;53.63;2.3;"Needs Improvement"
496;388;"2026-05-26";1.8;55.02;94.02;3.8;"Needs Improvement"
497;394;"2025-03-30";1.4;70.23;82.36;5.0;"Needs Improvement"
498;394;"2025-08-06";4.8;97.81;80.51;3.5;"Excellent"
499;441;"2025-05-10";2.9;44.77;54.29;2.2;"Needs Improvement"
500;446;"2025-06-12";4.4;78.63;76.98;2.4;"Needs Improvement"
501;446;"2026-05-15";3.3;74.0;71.77;3.8;"Needs Improvement"
502;457;"2025-10-22";3.7;59.38;46.29;2.1;"Excellent"
503;457;"2026-02-15";1.9;58.62;86.66;1.3;"Needs Improvement"
504;458;"2025-07-03";2.0;42.13;64.16;1.4;"Good"
505;472;"2026-02-16";1.1;62.97;40.8;2.5;"Needs Improvement"
506;473;"2025-07-06";3.2;76.68;81.1;3.9;"Average"
507;473;"2026-01-02";4.9;42.03;91.91;1.6;"Excellent"
508;498;"2026-03-26";1.2;44.45;41.28;2.4;"Average"
509;498;"2026-04-23";3.0;53.67;92.84;2.9;"Average"
510;519;"2025-01-25";3.5;63.59;70.819535;4.6;"Good"
511;519;"2026-02-02";2.7;98.67;89.02;1.9;"Average"
512;524;"2025-01-21";3.1;76.63;94.1;2.9;"Average"
513;1025;"2025-03-01";4.9;81.33;56.97;2.6;"Excellent"
514;1025;"2026-03-29";4.1;97.98;62.14;2.9;"Good"
515;5;"2026-02-07";4.6;96.73;95.37;1.6;"Excellent"
516;5;"2025-04-20";1.9;74.08;88.13;3.8;"Excellent"
517;17;"2025-05-15";1.3;79.07;75.12;1.8;"Good"
518;17;"2026-02-18";4.0;91.02;70.12;2.1;"Needs Improvement"
519;23;"2025-06-14";2.0;46.84;99.91;3.4;"Needs Improvement"
520;30;"2025-06-21";3.1;77.64;45.18;3.6;"Needs Improvement"
521;39;"2025-02-18";3.4;75.31;89.45;1.7;"Good"
522;39;"2025-10-16";4.4;94.7;77.94;3.2;"Needs Improvement"
523;41;"2026-02-23";4.9;55.06;99.36;2.2;"Average"
524;53;"2025-05-31";3.7;75.66;52.26;4.3;"Average"
525;53;"2025-06-18";3.2;98.83;78.96;3.8;"Average"
526;62;"2026-06-14";1.7;49.71;70.819535;3.4;"Needs Improvement"
527;65;"2025-07-07";1.2;49.33;70.03;3.9;"Excellent"
528;65;"2025-12-23";2.2;68.99;64.95;3.2;"Average"
529;79;"2026-04-07";3.5;92.92;50.17;4.0;"Good"
530;79;"2026-05-26";3.4;95.15;98.95;1.3;"Good"
531;91;"2025-03-19";2.9;93.47;78.43;4.3;"Excellent"
532;105;"2025-02-01";3.6;94.03;55.14;2.2;"Average"
533;105;"2026-05-18";3.8;83.05;61.33;2.9;"Good"
534;106;"2025-10-02";5.0;91.61;61.5;4.3;"Excellent"
535;107;"2026-01-10";1.9;90.79;98.2;1.6;"Needs Improvement"
536;107;"2026-02-13";3.5;88.36;79.74;1.3;"Good"
537;135;"2025-07-23";2.8;73.8;77.5;1.5;"Needs Improvement"
538;135;"2026-02-03";2.5;41.57;50.95;2.4;"Excellent"
539;141;"2026-04-10";3.4;70.01;44.38;1.9;"Needs Improvement"
540;166;"2026-02-24";2.3;81.25;53.97;1.7;"Excellent"
541;166;"2025-08-18";1.6;63.8;51.54;1.5;"Excellent"
542;169;"2026-06-03";3.6;73.63;88.45;1.6;"Good"
543;169;"2025-09-08";1.9;83.59;80.74;4.5;"Good"
544;173;"2026-04-30";1.2;82.35;97.22;1.5;"Needs Improvement"
545;173;"2026-08-11";3.8;69.87;49.27;3.3;"Good"
546;180;"2025-06-19";2.1;77.13;58.67;2.0;"Good"
547;207;"2025-06-14";4.6;72.93;61.8;3.4;"Needs Improvement"
548;230;"2025-05-03";1.1;75.16;95.96;4.4;"Good"
549;235;"2025-02-20";3.3;52.0;76.61;1.5;"Needs Improvement"
550;235;"2025-12-28";2.2;46.28;62.38;2.8;"Excellent"
551;242;"2025-08-15";4.5;57.61;80.26;4.3;"Excellent"
552;242;"2026-08-15";4.1;90.97;50.01;4.2;"Average"
553;262;"2025-09-15";2.8;85.01;50.41;1.9;"Average"
554;262;"2026-04-05";3.6;71.9;53.08;3.4;"Good"
555;343;"2025-02-14";1.7;67.21;48.32;1.8;"Average"
556;343;"2025-06-15";2.0;62.39;87.37;4.2;"Average"
557;351;"2026-07-30";1.1;91.64;47.24;1.7;"Average"
558;370;"2025-06-23";3.3;49.38;92.62;3.3;"Good"
559;370;"2026-07-30";4.7;99.85;76.13;2.8;"Good"
560;372;"2025-03-30";1.7;99.06;70.819535;1.5;"Average"
561;378;"2025-07-03";2.6;78.91;88.85;1.1;"Average"
562;378;"2026-03-07";4.7;49.48;79.37;4.2;"Excellent"
563;401;"2025-01-23";0.0;90.17;83.28;4.5;"Excellent"
564;401;"2026-07-01";3.8;46.41;83.65;1.0;"Needs Improvement"
565;408;"2026-04-18";1.9;46.28;40.27;1.9;"Excellent"
566;408;"2026-02-20";4.4;48.54;96.85;4.7;"Average"
567;432;"2025-08-18";2.6;55.39;53.62;1.5;"Excellent"
568;437;"2025-02-09";1.7;97.67;74.88;1.1;"Good"
569;438;"2026-03-30";2.2;95.99;40.9;4.9;"Needs Improvement"
570;438;"2026-02-21";1.8;85.53;71.32;1.5;"Excellent"
571;440;"2026-08-13";4.5;96.25;91.74;2.2;"Needs Improvement"
572;444;"2026-04-10";2.3;66.95;69.9;2.5;"Good"
573;447;"2025-01-09";3.1;82.06;79.79;3.6;"Good"
574;447;"2025-12-03";1.2;90.15;67.63;3.1;"Excellent"
575;475;"2025-04-22";2.9;58.56;77.54;1.8;"Excellent"
576;481;"2026-06-08";2.0;80.03;71.95;2.4;"Excellent"
577;481;"2025-08-03";4.1;60.8;81.45;1.9;"Excellent"
578;487;"2026-06-07";3.0;74.86;74.74;3.0;"Needs Improvement"
579;487;"2025-09-29";3.5;42.39;41.35;4.3;"Excellent"
580;521;"2026-08-09";4.1;82.74;80.0;2.8;"Good"
581;12;"2025-11-21";2.1;69.7;92.04;3.1;"Excellent"
582;12;"2026-01-17";4.5;83.07;91.13;2.8;"Average"
583;16;"2025-05-28";1.3;56.36;68.61;1.0;"Average"
584;16;"2025-05-16";4.3;86.76;59.1;3.4;"Excellent"
585;19;"2026-04-29";4.9;68.77;54.36;3.4;"Excellent"
586;19;"2025-05-26";3.1;94.01;70.819535;2.3;"Average"
587;20;"2026-01-09";2.2;69.465905;81.12;5.0;"Needs Improvement"
588;20;"2025-10-15";4.0;96.58;49.85;3.5;"Average"
589;29;"2025-11-15";2.6;83.35;50.51;2.1;"Needs Improvement"
590;29;"2025-03-01";2.9;95.56;64.92;1.6;"Average"
591;85;"2026-05-14";4.2;76.11;57.31;1.7;"Excellent"
592;88;"2026-08-23";0.0;69.465905;67.1;4.8;"Good"
593;88;"2025-01-19";1.9;89.48;83.69;2.3;"Good"
594;118;"2025-07-05";1.6;53.38;88.64;4.9;"Good"
595;118;"2025-05-02";2.1;71.44;65.63;4.7;"Good"
596;125;"2026-03-23";3.2;79.98;85.07;1.4;"Good"
597;125;"2025-10-01";1.7;64.96;54.33;2.2;"Needs Improvement"
598;132;"2026-06-28";1.3;69.16;67.44;1.6;"Good"
599;132;"2026-06-20";1.5;49.62;40.33;4.7;"Average"
600;152;"2025-11-22";2.3;65.95;53.74;2.7;"Good"
601;152;"2026-02-07";3.4;66.43;96.0;3.1;"Needs Improvement"
602;155;"2025-04-26";3.9;53.69;83.47;3.3;"Average"
603;157;"2026-01-14";2.9;61.22;66.67;2.3;"Good"
604;157;"2026-08-06";1.4;96.32;42.41;2.9;"Good"
605;162;"2026-01-26";3.1;44.6;85.08;4.9;"Average"
606;162;"2025-07-22";1.6;86.72;67.8;1.9;"Needs Improvement"
607;200;"2026-07-16";3.5;77.43;48.61;4.6;"Excellent"
608;237;"2026-03-22";3.6;75.79;71.15;4.2;"Good"
609;238;"2026-03-19";3.2;86.23;82.68;4.0;"Average"
610;238;"2025-12-31";2.3;94.13;47.39;2.3;"Excellent"
611;250;"2025-02-03";1.4;66.2;62.47;4.4;"Excellent"
612;250;"2025-03-22";4.5;73.75;84.65;2.0;"Excellent"
613;253;"2026-04-01";0.0;82.9;72.34;3.7;"Needs Improvement"
614;254;"2025-11-05";4.7;95.43;54.35;2.6;"Excellent"
615;255;"2025-04-07";1.9;92.93;82.46;3.9;"Average"
616;255;"2025-05-26";1.2;82.85;48.76;4.8;"Good"
617;258;"2026-06-14";4.8;58.19;46.92;1.6;"Good"
618;289;"2025-05-30";4.6;93.3;85.95;1.7;"Average"
619;289;"2026-01-18";1.5;70.29;71.89;2.7;"Average"
620;310;"2026-03-26";2.0;43.03;81.21;4.7;"Average"
621;310;"2025-03-07";0.0;72.1;46.03;4.5;"Excellent"
622;336;"2026-02-25";1.6;69.465905;54.16;1.8;"Excellent"
623;341;"2025-10-30";2.5;74.03;64.86;4.2;"Needs Improvement"
624;341;"2026-05-29";2.3;82.91;73.19;4.0;"Excellent"
625;367;"2025-08-23";4.1;54.1;68.65;4.5;"Needs Improvement"
626;367;"2026-06-16";1.8;94.01;56.39;4.1;"Excellent"
627;386;"2025-05-04";1.5;79.9;66.44;4.8;"Good"
628;386;"2025-08-23";4.8;58.5;64.93;4.5;"Excellent"
629;409;"2026-05-07";3.9;61.21;52.74;3.0;"Needs Improvement"
630;412;"2025-03-06";1.5;76.78;65.4;2.4;"Average"
631;429;"2025-05-08";2.1;67.78;55.22;3.7;"Average"
632;429;"2025-03-02";1.1;87.32;79.43;3.7;"Good"
633;442;"2025-12-19";4.3;54.19;48.2;4.9;"Good"
634;451;"2026-02-10";3.5;40.41;64.02;4.8;"Average"
635;482;"2026-02-19";1.8;83.7;98.08;1.6;"Needs Improvement"
636;490;"2026-02-26";3.8;44.33;41.49;4.1;"Needs Improvement"
637;493;"2026-01-24";2.5;51.65;61.63;4.3;"Excellent"
638;500;"2026-03-08";3.9;51.66;53.3;1.1;"Good"
639;500;"2026-04-20";4.5;67.42;89.78;4.3;"Average"
640;1030;"2026-05-26";2.0;54.57;70.819535;2.2;"Good"
641;1030;"2025-10-02";3.7;72.39;55.8;3.3;"Excellent"
642;14;"2026-08-04";4.0;71.85;60.25;3.9;"Average"
643;43;"2025-05-18";2.8;81.41;97.98;2.6;"Excellent"
644;44;"2025-03-06";0.0;75.84;55.67;4.5;"Average"
645;44;"2026-03-25";4.8;60.53;96.41;3.9;"Needs Improvement"
646;46;"2026-04-09";4.8;92.13;43.75;4.6;"Good"
647;61;"2025-09-03";2.9;62.37;87.67;4.3;"Average"
648;61;"2026-06-30";3.4;54.06;42.93;2.6;"Needs Improvement"
649;63;"2026-04-04";2.3;53.68;70.819535;2.8;"Excellent"
650;67;"2025-05-29";3.1;95.82;91.9;3.1;"Excellent"
651;74;"2026-05-05";1.2;84.72;78.81;2.2;"Average"
652;74;"2025-06-05";3.7;71.94;41.13;3.9;"Average"
653;75;"2025-12-22";1.7;91.38;85.45;4.2;"Average"
654;75;"2025-04-24";2.7;58.54;44.65;1.7;"Average"
655;100;"2025-12-20";1.1;40.7;44.51;4.6;"Good"
656;113;"2025-12-20";2.0;73.86;64.83;4.2;"Needs Improvement"
657;114;"2025-04-30";3.9;99.14;51.87;2.2;"Needs Improvement"
658;114;"2025-02-16";3.0;78.55;86.85;2.1;"Excellent"
659;176;"2025-01-01";3.2;55.43;41.22;2.7;"Excellent"
660;176;"2025-05-10";2.7;55.49;41.29;3.5;"Excellent"
661;177;"2025-10-01";4.5;75.29;56.17;3.1;"Needs Improvement"
662;177;"2025-07-01";2.2;92.76;43.28;3.6;"Excellent"
663;187;"2026-06-20";4.3;81.09;74.05;2.1;"Average"
664;187;"2026-01-18";3.2;88.55;62.59;4.2;"Needs Improvement"
665;195;"2026-07-10";1.1;98.32;59.23;2.8;"Good"
666;211;"2025-12-24";0.0;57.81;72.29;3.5;"Average"
667;221;"2026-04-01";3.5;55.38;48.55;2.5;"Good"
668;223;"2026-08-12";2.8;75.81;61.16;1.3;"Good"
669;223;"2025-02-26";4.3;79.92;57.55;2.2;"Average"
670;226;"2025-03-10";2.2;70.71;46.24;4.7;"Good"
671;232;"2025-03-03";3.4;72.51;91.93;1.1;"Average"
672;233;"2026-06-25";2.6;61.19;50.44;4.7;"Excellent"
673;287;"2025-08-15";3.2;99.46;94.28;4.2;"Good"
674;316;"2025-06-06";1.1;49.66;88.92;3.0;"Excellent"
675;331;"2025-04-30";2.2;92.25;91.81;1.1;"Average"
676;340;"2025-01-27";1.2;77.26;58.99;3.7;"Good"
677;340;"2025-05-13";2.5;54.41;48.33;2.5;"Good"
678;348;"2026-04-14";3.2;73.05;70.819535;2.8;"Excellent"
679;348;"2026-05-26";2.0;58.01;61.2;3.5;"Excellent"
680;349;"2025-01-11";1.9;60.99;70.65;3.5;"Average"
681;356;"2026-03-16";1.2;61.56;62.39;5.0;"Needs Improvement"
682;365;"2026-07-09";4.3;69.465905;73.07;1.9;"Good"
683;365;"2026-03-01";2.3;92.17;74.1;4.7;"Needs Improvement"
684;399;"2025-08-24";3.7;59.1;97.94;3.7;"Good"
685;399;"2025-09-27";1.9;45.11;79.56;4.0;"Needs Improvement"
686;405;"2025-11-01";4.3;95.9;61.44;1.4;"Good"
687;413;"2025-02-25";1.6;93.89;86.46;3.4;"Average"
688;413;"2026-08-13";5.0;49.15;94.08;4.6;"Needs Improvement"
689;415;"2025-04-17";3.4;87.27;74.52;1.5;"Needs Improvement"
690;417;"2025-02-19";1.6;50.79;41.84;3.4;"Needs Improvement"
691;435;"2025-07-09";1.3;74.83;61.57;3.1;"Average"
692;436;"2025-06-10";3.5;69.2;76.84;3.5;"Good"
693;436;"2026-07-15";1.6;75.11;82.07;1.1;"Excellent"
694;468;"2026-04-04";1.0;59.67;47.94;1.8;"Average"
695;468;"2025-10-22";2.1;88.37;90.42;2.0;"Average"
696;476;"2026-04-17";2.3;96.84;48.8;3.2;"Good"
697;476;"2026-01-21";4.5;76.69;91.03;3.6;"Average"
698;483;"2026-04-25";2.1;47.7;95.16;1.1;"Good"
699;483;"2026-01-19";2.4;40.56;98.25;1.2;"Good"
700;491;"2025-04-02";3.5;74.36;53.51;4.0;"Excellent"
701;491;"2025-06-28";3.2;93.86;42.77;3.4;"Needs Improvement"
702;508;"2026-04-03";2.2;90.53;57.83;1.8;"Excellent"
703;1026;"2026-03-19";1.6;58.48;67.44;1.2;"Needs Improvement"
704;1026;"2025-07-04";3.4;67.73;67.7;4.2;"Average"
705;1033;"2025-09-25";4.9;80.49;98.04;4.4;"Good"
706;1033;"2025-02-28";1.5;55.68;96.94;4.6;"Average"
707;31;"2025-07-29";3.1;40.15;54.43;4.4;"Average"
708;31;"2025-05-11";1.8;91.53;70.81;2.3;"Excellent"
709;35;"2026-06-26";4.6;91.58;57.52;4.7;"Needs Improvement"
710;35;"2026-03-26";4.8;61.62;56.16;3.9;"Needs Improvement"
711;49;"2025-05-10";1.8;98.38;78.18;2.8;"Good"
712;49;"2026-01-08";4.2;64.92;87.0;3.8;"Excellent"
713;68;"2026-03-03";1.8;69.465905;58.51;1.5;"Average"
714;68;"2026-03-20";3.5;57.55;94.21;4.4;"Average"
715;70;"2026-08-21";1.5;77.65;81.61;2.3;"Average"
716;70;"2026-04-26";2.8;63.22;57.04;4.0;"Needs Improvement"
717;89;"2026-04-13";3.3;43.5;91.95;1.4;"Needs Improvement"
718;89;"2026-04-15";3.2;64.18;82.38;4.1;"Needs Improvement"
719;97;"2026-03-21";4.7;46.71;70.819535;3.8;"Good"
720;97;"2026-08-20";3.3;49.47;84.58;3.3;"Average"
721;104;"2025-10-03";1.9;48.94;88.13;2.8;"Needs Improvement"
722;120;"2026-06-17";4.0;54.65;94.07;2.3;"Needs Improvement"
723;120;"2025-09-27";1.8;98.63;79.72;4.0;"Needs Improvement"
724;140;"2026-07-18";4.1;67.53;70.819535;3.6;"Good"
725;140;"2026-05-15";3.0;93.79;75.26;2.5;"Excellent"
726;150;"2025-12-13";1.4;79.25;73.04;3.6;"Average"
727;151;"2025-10-06";5.0;77.54;98.75;4.9;"Needs Improvement"
728;189;"2025-12-18";4.5;53.46;67.07;4.9;"Average"
729;191;"2026-04-15";2.8;77.85;92.8;2.3;"Excellent"
730;192;"2026-06-15";2.6;85.63;70.819535;4.2;"Needs Improvement"
731;192;"2025-12-19";4.1;56.11;52.41;3.5;"Average"
732;201;"2026-06-14";1.6;82.67;55.49;2.0;"Average"
733;214;"2025-03-05";1.7;62.68;76.34;2.5;"Excellent"
734;214;"2025-12-14";1.1;67.93;71.5;4.5;"Needs Improvement"
735;219;"2025-05-06";4.6;60.6;61.74;3.3;"Needs Improvement"
736;219;"2026-05-04";2.3;87.61;50.75;4.8;"Good"
737;228;"2025-07-27";1.9;55.95;98.5;1.0;"Excellent"
738;228;"2026-03-09";3.1;71.66;56.67;2.1;"Average"
739;236;"2025-10-16";3.4;95.8;60.21;1.0;"Excellent"
740;265;"2025-11-20";4.9;86.27;70.819535;4.3;"Excellent"
741;284;"2025-01-15";3.6;40.2;56.55;4.2;"Excellent"
742;292;"2025-11-17";1.9;77.28;82.6;1.0;"Needs Improvement"
743;292;"2026-02-06";3.6;51.23;86.14;4.4;"Needs Improvement"
744;299;"2026-02-23";4.7;45.1;63.26;2.4;"Average"
745;362;"2025-11-12";4.3;97.53;86.87;3.0;"Excellent"
746;366;"2025-01-26";4.5;54.6;84.84;2.0;"Excellent"
747;366;"2025-10-07";4.0;47.9;83.02;4.7;"Good"
748;382;"2026-05-30";2.5;56.68;97.93;3.2;"Needs Improvement"
749;382;"2025-07-22";4.3;78.19;80.07;4.2;"Needs Improvement"
750;389;"2025-05-17";3.7;89.79;80.06;4.4;"Excellent"
751;389;"2025-03-04";1.2;88.58;41.71;2.1;"Good"
752;391;"2025-11-28";1.9;49.74;47.63;4.5;"Needs Improvement"
753;391;"2025-01-05";3.1;48.59;93.15;3.6;"Average"
754;403;"2025-05-06";4.5;93.84;46.09;1.1;"Needs Improvement"
755;456;"2025-06-23";4.2;86.45;65.72;3.8;"Excellent"
756;478;"2025-03-21";1.9;51.92;81.84;3.0;"Good"
757;529;"2025-02-07";2.0;42.85;83.24;4.5;"Good"
758;529;"2025-11-04";2.5;77.08;58.86;3.7;"Good"
759;536;"2026-08-22";1.9;72.22;44.01;1.5;"Good"
