"salary_id";"employee_id";"salary";"effective_date";"salary_increment_percent_clean"
1;11;131100.0;"2015-01-21";0.9
2;11;162000.0;"2015-03-17";6.5
3;18;203200.0;"2019-10-15";6.9
4;18;135000.0;"2022-07-17";2.3
5;18;222800.0;"2018-06-07";9.6
6;22;158700.0;"2025-08-19";10.7
7;50;53500.0;"2022-05-21";5.7
8;51;191100.0;"2019-04-23";4.1
9;64;196500.0;"2017-05-09";1.7
10;64;121800.0;"2023-11-22";13.9
11;72;153400.0;"2023-03-16";3.4
12;72;56000.0;"2019-03-07";23.3
13;72;124400.0;"2024-12-12";0.0
14;73;34300.0;"2026-04-08";23.4
15;73;249900.0;"2025-06-15";0.3
16;73;41300.0;"2016-01-30";24.5
17;87;205100.0;"2021-05-19";5.0
18;102;38800.0;"2023-10-19";22.9
19;102;143000.0;"2016-08-17";6.2
20;129;166800.0;"2025-01-09";18.2
21;129;247700.0;"2017-10-19";12.9
22;145;90500.0;"2017-10-31";1.3
23;160;196200.0;"2017-12-05";4.8
24;160;209600.0;"2015-05-24";11.1
25;171;59800.0;"2020-07-04";5.4
26;171;203900.0;"2016-04-05";12.2
27;179;118000.0;"2018-09-27";23.8
28;179;239500.0;"2018-08-02";14.0
29;182;249900.0;"2022-10-14";22.7
30;245;55400.0;"2021-06-23";9.0
31;267;27100.0;"2025-04-08";12.5
32;267;136400.0;"2025-01-26";21.0
33;267;48800.0;"2025-12-03";7.9
34;272;122400.0;"2018-11-17";23.2
35;272;153700.0;"2020-02-25";7.0
36;279;27500.0;"2016-10-29";8.1
37;279;195900.0;"2023-09-06";5.5
38;295;27700.0;"2026-02-05";1.3
39;295;230900.0;"2022-01-24";19.7
40;303;67500.0;"2023-03-22";0.0
41;309;136800.0;"2017-02-07";14.2
42;309;59100.0;"2017-08-19";19.0
43;317;158200.0;"2025-05-01";22.1
44;317;189600.0;"2024-07-03";5.2
45;321;133100.0;"2023-07-15";3.1
46;328;69300.0;"2024-04-01";18.5
47;328;212900.0;"2025-10-27";4.5
48;328;235300.0;"2024-02-02";9.1
49;335;207800.0;"2025-07-29";1.0
50;335;114200.0;"2019-12-29";15.1
51;352;145900.0;"2020-07-05";12.1
52;352;221200.0;"2016-12-03";14.9
53;352;214900.0;"2017-09-27";14.5
54;404;120500.0;"2026-05-11";9.1
55;411;204700.0;"2024-05-30";0.6
56;411;43700.0;"2018-09-17";21.3
57;411;96600.0;"2015-09-27";15.9
58;416;140200.0;"2018-07-15";0.0
59;416;120200.0;"2024-11-16";13.7
60;425;114600.0;"2020-08-12";19.2
61;425;62000.0;"2021-04-04";12.6
62;469;105200.0;"2016-04-27";4.5
63;469;114100.0;"2024-05-30";1.5
64;484;192500.0;"2015-04-21";10.3
65;494;153000.0;"2023-10-14";6.8
66;494;83700.0;"2018-01-01";20.8
67;496;136900.0;"2016-06-16";8.2
68;496;42200.0;"2023-08-08";7.7
69;496;45200.0;"2020-02-03";9.9
70;497;139500.0;"2016-06-25";5.1
71;518;89900.0;"2026-06-14";14.6
72;534;205600.0;"2023-02-14";12.5
73;534;49000.0;"2016-12-28";5.2
74;534;110600.0;"2023-01-20";17.5
75;535;28900.0;"2024-05-12";0.0
76;535;38900.0;"2023-01-09";10.6
77;1032;207300.0;"2019-07-30";15.1
78;1032;222400.0;"2019-04-23";2.1
79;9;241600.0;"2017-03-17";19.6
80;9;172100.0;"2024-05-23";4.0
81;21;183100.0;"2017-05-03";23.2
82;26;127000.0;"2024-02-11";16.0
83;26;27300.0;"2025-04-11";12.8
84;26;181900.0;"2023-07-27";23.3
85;36;223200.0;"2018-05-16";6.0
86;40;204300.0;"2019-08-20";22.9
87;54;121600.0;"2015-03-24";24.8
88;54;177400.0;"2024-02-19";7.9
89;93;56700.0;"2024-09-16";11.6
90;93;76800.0;"2021-06-19";22.9
91;111;98400.0;"2026-05-10";20.9
92;111;241000.0;"2025-08-08";22.1
93;111;140000.0;"2024-11-06";4.5
94;146;171500.0;"2022-01-01";15.7
95;148;145100.0;"2019-08-10";20.1
96;167;203500.0;"2026-02-04";8.1
97;167;138500.0;"2022-04-14";9.2
98;168;221400.0;"2020-03-17";21.8
99;168;131100.0;"2016-03-28";7.4
100;168;176000.0;"2015-03-22";8.8
101;170;140000.0;"2015-03-11";17.4
102;170;217000.0;"2015-08-31";11.8
103;186;117600.0;"2021-06-30";6.4
104;186;198500.0;"2018-10-30";19.0
105;188;230600.0;"2018-04-22";15.4
106;188;59200.0;"2023-09-12";9.0
107;190;213000.0;"2026-04-20";2.1
108;190;192500.0;"2016-06-05";14.2
109;203;249000.0;"2023-06-27";7.6
110;203;55200.0;"2020-02-04";18.4
111;206;244600.0;"2016-12-18";3.0
112;229;177000.0;"2025-01-05";0.6
113;229;164300.0;"2022-10-31";17.4
114;257;51200.0;"2017-03-13";11.4
115;257;243100.0;"2020-02-01";4.7
116;257;158000.0;"2024-12-03";3.0
117;261;151500.0;"2018-10-03";18.8
118;274;28600.0;"2015-02-12";0.0
119;275;29500.0;"2020-06-16";3.4
120;275;129300.0;"2018-04-18";8.9
121;291;226500.0;"2026-03-27";1.5
122;346;182200.0;"2019-07-23";6.1
123;346;138700.0;"2019-12-10";21.9
124;350;198100.0;"2019-09-15";11.5
125;350;37700.0;"2015-03-29";15.3
126;350;122900.0;"2019-09-30";13.8
127;368;206900.0;"2021-06-09";4.9
128;373;73000.0;"2026-06-10";17.2
129;383;46800.0;"2017-03-07";17.9
130;422;136200.0;"2025-12-02";12.0
131;464;229400.0;"2025-08-28";19.0
132;464;51800.0;"2019-01-30";0.5
133;465;120100.0;"2021-01-24";6.6
134;465;79100.0;"2021-09-21";6.5
135;466;222300.0;"2025-05-15";17.2
136;488;146100.0;"2025-03-28";12.8
137;488;189900.0;"2020-10-07";1.0
138;514;74700.0;"2018-06-21";8.2
139;514;144600.0;"2018-12-27";16.4
140;1031;69000.0;"2025-05-13";22.5
141;1034;39300.0;"2015-11-26";19.4
142;1034;25300.0;"2017-06-12";16.5
143;1037;164100.0;"2023-06-04";21.1
144;1037;176600.0;"2016-09-14";3.9
145;1;130000.0;"2021-02-03";16.4
146;10;179600.0;"2024-09-08";5.7
147;25;204200.0;"2023-01-16";11.1
148;27;222200.0;"2015-09-08";4.2
149;37;194200.0;"2026-02-13";24.9
150;57;72400.0;"2018-11-04";4.9
151;90;42400.0;"2016-11-13";10.4
152;96;125700.0;"2017-07-12";3.1
153;96;118000.0;"2026-05-31";15.8
154;103;99400.0;"2020-06-03";10.3
155;116;105500.0;"2023-05-06";15.0
156;116;215500.0;"2017-11-02";18.2
157;119;181400.0;"2025-04-22";7.3
158;119;139100.0;"2023-01-31";21.5
159;137;245800.0;"2026-03-13";17.4
160;137;96100.0;"2016-02-25";11.4
161;139;226500.0;"2018-08-29";14.2
162;153;233300.0;"2017-11-17";15.6
163;175;150300.0;"2020-05-06";21.8
164;175;117800.0;"2024-09-06";8.4
165;218;104700.0;"2022-08-09";5.8
166;218;126200.0;"2026-01-23";10.5
167;285;124000.0;"2017-11-11";21.9
168;311;42200.0;"2017-12-11";12.3
169;311;31900.0;"2017-11-18";1.4
170;320;103900.0;"2016-07-28";18.7
171;325;27000.0;"2024-12-06";21.6
172;325;175700.0;"2026-05-15";17.6
173;332;108400.0;"2018-09-29";15.0
174;332;134700.0;"2015-09-22";1.8
175;357;121000.0;"2019-10-29";20.8
176;357;228700.0;"2021-01-22";0.4
177;407;147100.0;"2023-09-30";14.9
178;407;124400.0;"2025-01-18";15.1
179;418;189800.0;"2023-10-23";21.6
180;418;150300.0;"2020-08-23";11.2
181;430;220800.0;"2015-04-15";12.4
182;433;82200.0;"2022-03-09";23.3
183;433;201900.0;"2022-01-17";17.2
184;439;158700.0;"2026-03-06";11.8
185;439;79100.0;"2024-04-06";3.0
186;453;247100.0;"2025-10-07";19.7
187;461;114300.0;"2023-08-25";14.8
188;461;129100.0;"2021-07-31";16.3
189;462;144000.0;"2015-05-09";18.5
190;462;206800.0;"2015-04-02";8.9
191;480;110800.0;"2021-04-26";9.2
192;502;27500.0;"2026-05-23";15.6
193;502;244200.0;"2023-09-30";3.0
194;505;77500.0;"2025-06-03";11.0
195;505;240600.0;"2016-08-17";18.6
196;510;222600.0;"2023-04-26";18.4
197;510;71200.0;"2021-08-05";13.5
198;515;155100.0;"2022-07-05";17.4
199;523;243800.0;"2025-04-07";1.2
200;528;193600.0;"2019-05-02";1.2
201;531;137200.0;"2020-11-09";18.2
202;531;87700.0;"2025-07-01";22.6
203;531;243600.0;"2024-09-25";1.3
204;533;105900.0;"2025-03-22";4.2
205;533;164400.0;"2021-12-25";1.6
206;34;65400.0;"2019-06-29";22.5
207;56;152800.0;"2015-12-10";6.9
208;56;135500.0;"2022-08-24";6.6
209;83;228200.0;"2019-07-12";2.9
210;115;219200.0;"2020-06-21";13.2
211;115;187300.0;"2024-07-01";8.9
212;121;215400.0;"2019-01-31";3.1
213;128;44000.0;"2025-10-19";9.9
214;128;121500.0;"2025-06-21";15.0
215;136;72500.0;"2020-02-29";17.7
216;136;234000.0;"2019-10-08";4.8
217;165;224900.0;"2016-11-27";8.1
218;165;170600.0;"2024-12-14";8.4
219;165;163900.0;"2020-11-05";23.3
220;193;197800.0;"2021-03-12";8.2
221;193;118300.0;"2022-04-05";16.7
222;194;165500.0;"2024-01-07";22.1
223;216;192000.0;"2025-01-18";2.4
224;216;233200.0;"2020-10-05";3.6
225;216;78500.0;"2021-09-23";7.8
226;227;127000.0;"2024-08-04";13.8
227;231;237100.0;"2023-09-18";13.3
228;231;44100.0;"2021-08-22";10.8
229;246;27700.0;"2018-02-26";21.4
230;246;208800.0;"2017-11-20";6.7
231;248;49800.0;"2025-07-24";13.8
232;251;77200.0;"2020-04-19";16.4
233;251;94400.0;"2017-01-11";6.5
234;251;102000.0;"2020-01-15";12.7
235;256;184500.0;"2019-08-31";7.2
236;259;105200.0;"2021-07-27";5.6
237;270;75100.0;"2024-06-26";20.1
238;290;87800.0;"2018-01-10";15.0
239;297;136700.0;"2019-03-02";13.0
240;301;37600.0;"2023-06-16";8.3
241;301;186100.0;"2016-09-27";14.6
242;301;197300.0;"2020-12-07";21.6
243;306;194300.0;"2019-02-09";14.4
244;306;185800.0;"2023-02-27";22.2
245;306;126500.0;"2021-10-10";4.9
246;308;117900.0;"2020-05-09";1.2
247;330;224200.0;"2017-04-23";3.5
248;333;220900.0;"2020-10-15";0.4
249;333;191000.0;"2022-02-16";14.4
250;342;105900.0;"2016-09-06";20.6
251;342;97800.0;"2016-08-17";6.5
252;342;177400.0;"2016-04-13";7.3
253;347;98300.0;"2026-06-09";24.9
254;390;219100.0;"2017-04-17";11.2
255;390;182800.0;"2020-07-09";1.2
256;390;156500.0;"2025-03-08";18.0
257;419;80600.0;"2024-06-16";9.7
258;428;165300.0;"2017-08-18";16.9
259;431;44700.0;"2021-04-18";18.3
260;431;239400.0;"2015-11-20";10.1
261;431;249600.0;"2022-08-16";15.4
262;434;185300.0;"2017-08-16";0.0
263;434;175200.0;"2018-10-18";6.2
264;434;193100.0;"2024-08-30";7.1
265;455;206000.0;"2019-12-12";9.9
266;471;89800.0;"2017-11-13";4.1
267;477;32200.0;"2017-01-10";10.0
268;477;51700.0;"2021-07-08";17.2
269;499;25700.0;"2026-03-08";8.7
270;499;212000.0;"2022-04-13";11.6
271;499;56800.0;"2024-01-08";3.4
272;511;148400.0;"2016-11-25";10.3
273;511;103400.0;"2017-03-11";24.2
274;511;177400.0;"2015-06-12";17.2
275;1024;174200.0;"2026-06-12";23.9
276;1035;138400.0;"2026-01-13";13.7
277;2;174100.0;"2023-06-06";4.7
278;8;154300.0;"2021-11-15";13.4
279;24;44000.0;"2021-06-13";1.7
280;32;57600.0;"2026-06-19";19.0
281;32;134200.0;"2026-02-04";23.8
282;48;236900.0;"2021-09-09";16.9
283;48;155900.0;"2021-04-12";7.1
284;48;140500.0;"2016-08-26";11.5
285;59;44800.0;"2026-06-14";14.7
286;78;149100.0;"2017-05-16";6.7
287;78;75100.0;"2020-09-27";16.0
288;109;158100.0;"2022-04-11";1.2
289;109;78000.0;"2025-11-24";7.9
290;127;137800.0;"2015-05-27";6.1
291;127;101700.0;"2015-09-06";4.7
292;127;26700.0;"2023-01-12";6.3
293;147;232200.0;"2016-05-25";21.6
294;149;99600.0;"2022-05-21";4.0
295;149;88000.0;"2025-11-02";13.3
296;149;162600.0;"2025-09-29";9.7
297;161;232800.0;"2019-03-31";6.6
298;161;187500.0;"2018-06-16";19.5
299;164;200900.0;"2022-06-11";12.8
300;181;78600.0;"2016-01-04";9.0
301;244;116100.0;"2024-10-16";16.5
302;244;229800.0;"2015-02-28";16.3
303;252;83200.0;"2021-06-30";13.7
304;252;201600.0;"2026-05-24";0.6
305;266;145800.0;"2023-04-06";18.9
306;276;140400.0;"2017-03-01";11.2
307;281;209500.0;"2015-01-04";18.0
308;283;241400.0;"2022-07-12";24.3
309;293;96500.0;"2017-06-23";24.3
310;293;138000.0;"2015-09-25";21.6
311;294;45500.0;"2025-04-28";9.6
312;337;68700.0;"2016-11-27";18.3
313;337;109500.0;"2021-09-26";6.4
314;381;137900.0;"2016-01-09";10.6
315;384;88200.0;"2020-05-26";3.0
316;384;40200.0;"2015-12-05";18.9
317;384;166800.0;"2022-01-14";0.4
318;406;84200.0;"2018-06-01";14.7
319;410;215300.0;"2024-02-27";20.7
320;445;67500.0;"2024-06-18";6.8
321;495;226900.0;"2017-02-06";14.0
322;495;32000.0;"2023-05-05";12.3
323;522;34400.0;"2023-04-09";4.8
324;522;61400.0;"2016-12-08";6.9
325;1036;182300.0;"2021-09-10";7.9
326;1036;202900.0;"2020-11-05";8.1
327;1036;150100.0;"2020-05-12";22.9
328;7;50300.0;"2015-07-13";8.2
329;28;76500.0;"2023-11-05";12.3
330;33;72400.0;"2023-09-24";13.6
331;33;142400.0;"2025-07-08";0.0
332;33;126400.0;"2019-04-03";9.4
333;38;207900.0;"2025-05-04";14.8
334;38;127400.0;"2024-01-05";10.4
335;58;211700.0;"2025-05-21";10.7
336;58;25500.0;"2024-08-30";11.3
337;76;230100.0;"2020-09-20";6.9
338;76;196100.0;"2020-03-06";12.4
339;134;68300.0;"2024-05-05";24.7
340;134;122800.0;"2023-06-23";17.4
341;138;152600.0;"2024-09-20";2.2
342;138;197000.0;"2021-12-04";19.5
343;156;227800.0;"2017-05-14";0.2
344;156;94700.0;"2018-12-31";0.0
345;184;168900.0;"2025-04-01";0.5
346;196;109200.0;"2019-09-11";9.3
347;196;109400.0;"2021-09-14";4.9
348;204;175400.0;"2024-06-29";3.5
349;204;70700.0;"2015-07-06";23.3
350;215;31900.0;"2018-01-04";7.5
351;215;47900.0;"2021-01-26";2.1
352;217;213900.0;"2025-11-05";4.0
353;217;147700.0;"2016-04-15";7.1
354;234;28900.0;"2025-06-05";17.4
355;234;32700.0;"2016-02-28";17.6
356;234;131700.0;"2019-10-25";2.5
357;264;51700.0;"2016-08-25";9.4
358;268;32100.0;"2019-08-08";8.2
359;271;29400.0;"2025-12-15";16.6
360;271;41200.0;"2023-04-10";18.6
361;318;143000.0;"2026-07-01";3.3
362;318;135600.0;"2018-10-05";20.5
363;329;243100.0;"2022-12-28";18.7
364;329;235200.0;"2021-07-10";11.5
365;361;175700.0;"2023-03-23";17.2
366;396;186400.0;"2026-04-19";21.4
367;396;41600.0;"2016-07-10";20.2
368;424;184200.0;"2015-03-16";19.4
369;426;38600.0;"2023-10-25";23.9
370;449;185500.0;"2024-12-05";7.4
371;454;189700.0;"2018-01-26";22.3
372;454;153700.0;"2023-02-21";25.0
373;467;162400.0;"2020-08-14";14.7
374;467;201800.0;"2021-11-18";9.4
375;489;69200.0;"2023-09-09";16.9
376;504;208200.0;"2025-06-28";21.4
377;509;161000.0;"2024-01-09";4.9
378;516;192700.0;"2022-12-28";2.7
379;537;207700.0;"2023-11-21";20.7
380;3;199900.0;"2018-02-22";8.9
381;3;167100.0;"2016-10-01";21.9
382;15;27900.0;"2017-12-01";9.6
383;15;33100.0;"2020-05-07";17.3
384;47;167400.0;"2018-05-20";24.4
385;60;220300.0;"2024-12-10";0.1
386;60;199000.0;"2015-09-24";19.9
387;66;182200.0;"2025-05-31";11.1
388;71;146700.0;"2025-09-06";8.0
389;71;193900.0;"2016-06-03";11.6
390;71;174900.0;"2023-01-17";10.0
391;92;88400.0;"2025-08-05";1.1
392;92;233400.0;"2026-05-21";22.3
393;95;82700.0;"2017-10-11";11.7
394;95;191700.0;"2022-01-27";10.5
395;108;127800.0;"2022-07-07";13.0
396;108;111600.0;"2024-09-02";18.1
397;123;73700.0;"2022-06-09";24.5
398;123;202700.0;"2020-11-22";10.7
399;124;234100.0;"2015-11-25";19.5
400;124;55500.0;"2019-07-02";14.3
401;124;110200.0;"2017-09-03";11.0
402;133;79400.0;"2025-01-15";14.7
403;133;100900.0;"2022-02-27";16.0
404;143;205500.0;"2023-05-22";0.3
405;143;177700.0;"2019-03-08";20.5
406;144;82300.0;"2019-03-16";5.6
407;154;84200.0;"2017-08-09";0.9
408;154;174800.0;"2024-11-28";24.4
409;174;131900.0;"2024-09-16";11.2
410;198;214400.0;"2023-08-30";23.5
411;198;149500.0;"2020-04-27";21.9
412;202;127100.0;"2015-04-08";17.5
413;202;50000.0;"2024-07-05";13.2
414;202;155000.0;"2017-03-17";14.0
415;209;234900.0;"2018-05-19";11.9
416;209;113200.0;"2024-12-28";5.9
417;224;130200.0;"2020-05-05";5.2
418;224;205000.0;"2016-08-21";3.4
419;239;89500.0;"2021-01-16";6.5
420;239;76000.0;"2016-06-17";9.9
421;249;117000.0;"2022-11-09";22.5
422;263;113600.0;"2024-09-22";17.5
423;263;187000.0;"2020-10-21";7.7
424;280;90000.0;"2016-05-11";6.7
425;280;26000.0;"2021-03-14";19.9
426;282;174500.0;"2020-01-06";15.7
427;282;105200.0;"2023-04-21";13.4
428;298;185800.0;"2019-04-29";14.0
429;298;115700.0;"2018-10-09";4.2
430;302;80100.0;"2021-08-07";23.9
431;302;249000.0;"2024-11-23";25.0
432;302;80100.0;"2015-11-23";1.0
433;305;41300.0;"2022-06-07";0.0
434;305;160300.0;"2022-02-27";16.9
435;305;72600.0;"2023-03-30";14.9
436;323;223700.0;"2015-02-22";0.6
437;323;69800.0;"2025-01-20";6.2
438;326;107100.0;"2023-05-22";14.3
439;327;88900.0;"2024-06-14";20.7
440;327;91900.0;"2019-11-01";19.8
441;327;78800.0;"2017-08-20";11.3
442;334;201800.0;"2018-05-12";16.1
443;344;103600.0;"2015-12-10";14.1
444;358;218700.0;"2022-12-07";6.6
445;376;194000.0;"2019-07-31";12.4
446;376;210500.0;"2018-11-15";1.0
447;385;133700.0;"2018-02-28";20.0
448;385;190700.0;"2026-06-29";23.5
449;385;227900.0;"2020-06-02";21.2
450;393;218200.0;"2020-03-19";2.3
451;393;177600.0;"2017-06-29";15.0
452;397;148000.0;"2020-08-20";14.5
453;397;167100.0;"2023-06-09";16.6
454;398;26600.0;"2015-05-27";16.5
455;398;147000.0;"2015-11-25";14.7
456;400;101500.0;"2018-11-23";8.8
457;448;233000.0;"2016-01-25";4.3
458;448;219700.0;"2026-04-06";14.2
459;501;38400.0;"2019-04-30";9.7
460;503;124500.0;"2023-08-21";22.3
461;506;64200.0;"2019-03-01";8.8
462;506;142400.0;"2018-02-24";5.0
463;512;36300.0;"2016-09-26";14.2
464;512;130700.0;"2017-10-06";6.0
465;530;171800.0;"2026-03-18";16.5
466;1027;82000.0;"2018-02-27";6.0
467;1027;37500.0;"2017-06-22";22.5
468;1028;159600.0;"2019-12-22";13.5
469;6;244800.0;"2024-07-13";14.6
470;6;164200.0;"2018-02-15";17.5
471;42;48800.0;"2020-11-12";15.9
472;42;139900.0;"2016-03-01";14.2
473;77;234600.0;"2017-01-28";25.0
474;80;194800.0;"2023-03-22";10.1
475;80;84900.0;"2015-06-27";23.4
476;82;116200.0;"2023-01-13";7.2
477;82;53300.0;"2015-08-10";6.8
478;99;105400.0;"2018-01-07";10.4
479;110;148400.0;"2022-08-16";9.0
480;122;173100.0;"2018-08-27";3.0
481;131;192700.0;"2021-01-26";10.8
482;131;116600.0;"2022-11-11";23.2
483;142;140900.0;"2019-07-04";22.4
484;142;139300.0;"2024-06-15";11.7
485;163;181800.0;"2015-04-21";3.2
486;163;64800.0;"2019-01-05";0.7
487;163;105100.0;"2018-08-31";16.9
488;199;28800.0;"2026-01-19";22.2
489;208;69900.0;"2020-07-14";15.0
490;208;155600.0;"2023-05-08";6.6
491;210;111900.0;"2021-01-17";19.4
492;210;25300.0;"2022-01-06";10.0
493;212;48500.0;"2016-01-31";12.7
494;212;198300.0;"2022-10-16";8.9
495;213;168400.0;"2021-07-09";22.8
496;213;179900.0;"2024-04-21";11.8
497;240;186900.0;"2018-08-05";2.1
498;240;194400.0;"2016-11-23";8.3
499;247;90100.0;"2018-10-14";22.5
500;247;59800.0;"2017-12-25";9.6
501;269;242100.0;"2021-05-18";18.2
502;273;201500.0;"2024-03-17";21.3
503;273;239100.0;"2024-11-05";14.1
504;273;30500.0;"2020-08-20";10.5
505;312;79900.0;"2017-08-20";9.5
506;364;177700.0;"2015-02-16";0.0
507;364;85700.0;"2016-09-26";6.9
508;364;225600.0;"2024-06-29";19.7
509;375;237100.0;"2016-03-09";3.3
510;379;107600.0;"2016-05-12";2.6
511;379;223600.0;"2018-06-08";8.3
512;402;157900.0;"2021-12-12";10.8
513;402;200400.0;"2022-06-28";15.9
514;402;79500.0;"2025-07-29";15.0
515;414;46000.0;"2018-11-02";23.5
516;414;210800.0;"2021-04-09";15.2
517;414;170100.0;"2018-12-09";21.6
518;420;203500.0;"2025-06-18";3.0
519;420;37900.0;"2015-06-18";0.5
520;450;33400.0;"2016-06-18";6.0
521;450;34700.0;"2015-11-11";0.1
522;459;116600.0;"2017-02-05";22.9
523;459;188500.0;"2016-09-28";10.9
524;459;224900.0;"2016-06-15";11.5
525;460;160100.0;"2024-05-11";22.5
526;470;125900.0;"2017-04-23";17.2
527;485;87700.0;"2026-05-03";12.8
528;485;219200.0;"2020-06-21";13.0
529;485;156300.0;"2017-09-07";9.6
530;486;210100.0;"2022-03-21";11.9
531;486;107700.0;"2023-10-14";7.2
532;507;157200.0;"2015-10-09";16.6
533;507;116900.0;"2025-05-15";17.8
534;520;228800.0;"2018-07-27";6.0
535;532;181300.0;"2021-03-28";12.9
536;1029;67000.0;"2024-07-10";10.5
537;1029;150400.0;"2022-12-20";22.1
538;4;156200.0;"2023-11-18";6.1
539;13;246300.0;"2022-01-25";19.3
540;13;56500.0;"2017-08-08";22.0
541;45;172300.0;"2020-09-30";4.4
542;45;209600.0;"2018-05-24";0.0
543;45;224000.0;"2024-12-18";20.0
544;55;248400.0;"2024-10-18";21.4
545;55;156800.0;"2022-05-02";6.0
546;81;199400.0;"2020-10-01";9.4
547;84;165500.0;"2015-11-04";6.1
548;94;150300.0;"2021-10-09";15.2
549;94;74500.0;"2020-06-23";4.5
550;98;111900.0;"2021-09-19";1.5
551;98;220100.0;"2018-07-20";19.6
552;101;48300.0;"2017-11-02";21.8
553;101;37900.0;"2017-01-12";0.6
554;112;192200.0;"2018-01-06";15.5
555;117;141500.0;"2018-11-21";16.9
556;126;186200.0;"2021-05-01";9.2
557;126;28500.0;"2015-02-07";24.0
558;130;94600.0;"2016-04-17";20.9
559;130;225300.0;"2022-01-06";1.7
560;178;206600.0;"2019-12-07";8.2
561;178;114800.0;"2021-06-26";10.4
562;178;215600.0;"2021-08-17";24.3
563;197;223200.0;"2021-07-06";6.0
564;205;143500.0;"2016-11-01";15.3
565;205;68500.0;"2023-08-13";14.5
566;205;95100.0;"2018-09-22";11.3
567;220;183300.0;"2025-02-10";19.8
568;220;54100.0;"2018-12-15";15.7
569;220;211700.0;"2023-04-16";10.4
570;222;200400.0;"2023-04-14";3.9
571;225;98200.0;"2017-12-29";21.2
572;225;196500.0;"2015-04-27";4.5
573;225;63400.0;"2024-06-30";15.3
574;243;72600.0;"2019-11-30";5.7
575;243;146000.0;"2017-07-28";21.4
576;277;209900.0;"2020-03-21";16.5
577;296;174200.0;"2025-07-13";5.1
578;296;162500.0;"2018-09-24";24.2
579;296;130900.0;"2025-09-07";9.5
580;300;211700.0;"2021-07-19";2.1
581;300;126700.0;"2017-09-30";12.0
582;307;43500.0;"2024-06-03";19.7
583;307;164500.0;"2025-06-12";17.0
584;314;194900.0;"2023-01-05";0.2
585;314;216300.0;"2016-06-24";2.0
586;314;113500.0;"2021-09-15";23.3
587;315;136300.0;"2016-02-02";16.6
588;315;202300.0;"2024-12-31";7.8
589;319;196700.0;"2020-03-31";14.8
590;319;186900.0;"2017-04-14";14.5
591;322;70200.0;"2024-09-07";13.0
592;322;36100.0;"2020-01-25";23.9
593;324;247400.0;"2020-04-21";8.0
594;354;92500.0;"2019-03-13";13.2
595;359;162400.0;"2019-03-25";0.0
596;360;183200.0;"2021-09-02";5.3
597;371;44500.0;"2015-09-30";3.2
598;371;209300.0;"2023-12-05";19.9
599;377;116500.0;"2023-06-21";2.5
600;377;91600.0;"2016-05-16";4.7
601;388;56000.0;"2016-07-21";22.7
602;394;207400.0;"2015-04-14";9.6
603;394;192300.0;"2021-06-06";3.6
604;423;191300.0;"2021-10-13";22.3
605;423;164100.0;"2018-08-22";17.3
606;423;85000.0;"2021-02-09";17.2
607;427;204000.0;"2016-08-01";2.4
608;441;248100.0;"2021-02-26";22.6
609;441;97300.0;"2019-07-01";19.5
610;446;166400.0;"2018-07-01";6.6
611;446;84600.0;"2016-01-18";0.8
612;457;196400.0;"2018-05-31";2.5
613;457;137300.0;"2023-09-18";4.7
614;458;197700.0;"2022-04-28";12.5
615;472;41000.0;"2021-02-16";16.4
616;473;43600.0;"2023-12-25";23.7
617;498;144600.0;"2017-08-20";1.7
618;519;78100.0;"2019-06-21";0.2
619;519;174500.0;"2018-07-18";20.3
620;519;176400.0;"2016-02-14";1.3
621;524;245700.0;"2021-09-04";1.5
622;524;237000.0;"2020-01-02";11.0
623;527;117400.0;"2022-02-08";10.9
624;1025;116100.0;"2023-10-16";18.6
625;5;147000.0;"2026-03-19";7.9
626;17;155200.0;"2017-11-11";19.9
627;17;216700.0;"2025-07-24";10.7
628;17;224500.0;"2018-10-10";23.1
629;30;195900.0;"2019-02-14";12.3
630;30;186800.0;"2018-09-16";7.6
631;39;218900.0;"2024-09-23";17.2
632;39;126900.0;"2023-09-01";19.8
633;41;59400.0;"2026-01-19";21.2
634;41;127600.0;"2022-11-02";3.7
635;65;212600.0;"2017-09-28";18.5
636;91;79800.0;"2017-03-05";12.7
637;105;185800.0;"2017-06-10";23.7
638;106;119700.0;"2025-02-22";2.5
639;106;245400.0;"2023-05-16";8.0
640;106;145400.0;"2017-01-20";22.6
641;107;198600.0;"2017-07-25";8.4
642;107;101800.0;"2025-05-13";17.6
643;135;90200.0;"2017-05-13";4.4
644;135;139600.0;"2018-09-14";11.2
645;141;190500.0;"2018-02-24";24.8
646;166;116200.0;"2021-11-06";0.5
647;166;197000.0;"2022-11-08";14.1
648;169;151200.0;"2020-03-23";14.5
649;169;232900.0;"2017-07-18";0.3
650;169;75500.0;"2026-02-15";23.0
651;173;194100.0;"2020-03-15";0.0
652;173;227800.0;"2018-11-14";22.1
653;180;197800.0;"2019-06-21";0.7
654;180;32900.0;"2020-10-18";14.1
655;207;88300.0;"2024-02-18";6.3
656;230;168100.0;"2022-09-18";5.5
657;230;118800.0;"2022-08-29";10.0
658;242;59900.0;"2020-04-08";19.0
659;242;87700.0;"2020-04-20";24.2
660;242;76500.0;"2024-12-17";15.6
661;262;44600.0;"2024-11-08";13.8
662;288;210000.0;"2025-04-17";0.0
663;288;197400.0;"2023-09-07";3.0
664;343;138900.0;"2015-02-09";15.3
665;343;153200.0;"2019-08-23";8.3
666;351;79900.0;"2016-05-04";22.6
667;370;182700.0;"2016-09-03";17.2
668;372;206100.0;"2015-03-08";7.0
669;372;60700.0;"2021-11-07";18.2
670;372;123800.0;"2024-06-22";13.6
671;378;233500.0;"2023-01-12";11.5
672;378;134900.0;"2025-07-21";21.6
673;395;202200.0;"2021-07-18";17.8
674;395;108500.0;"2021-05-16";15.6
675;395;222100.0;"2025-09-16";8.6
676;401;232900.0;"2016-04-18";15.4
677;408;46000.0;"2016-05-08";4.7
678;408;133400.0;"2019-05-31";5.4
679;432;60500.0;"2016-09-19";22.9
680;437;237300.0;"2021-10-07";19.7
681;440;116300.0;"2022-01-18";9.9
682;440;27200.0;"2023-05-28";23.2
683;444;36300.0;"2015-05-12";0.0
684;447;113700.0;"2021-05-24";8.0
685;447;208200.0;"2025-11-06";13.5
686;475;90600.0;"2020-02-17";11.0
687;481;101000.0;"2018-05-21";10.3
688;481;220600.0;"2024-02-18";10.8
689;487;31200.0;"2025-11-20";10.4
690;487;105500.0;"2019-12-06";1.5
691;487;92900.0;"2017-07-02";6.5
692;1038;78700.0;"2020-11-24";17.6
693;16;203100.0;"2020-11-17";9.4
694;16;142000.0;"2022-01-22";17.7
695;16;224900.0;"2020-01-12";7.6
696;19;193300.0;"2015-04-20";8.8
697;20;122300.0;"2025-01-09";17.2
698;20;82100.0;"2020-06-22";16.6
699;20;97600.0;"2017-08-01";2.6
700;29;234700.0;"2020-12-03";8.8
701;29;44400.0;"2016-08-19";20.9
702;85;94500.0;"2018-11-02";17.8
703;85;136300.0;"2020-09-23";0.0
704;88;176000.0;"2023-07-11";6.1
705;88;239500.0;"2019-02-02";13.1
706;118;239000.0;"2026-06-08";15.3
707;125;189400.0;"2017-12-17";17.6
708;125;31600.0;"2020-05-08";19.9
709;132;238600.0;"2025-11-02";12.4
710;152;197100.0;"2020-01-13";3.9
711;152;25500.0;"2023-05-30";1.4
712;152;132700.0;"2019-08-28";18.3
713;155;156100.0;"2016-11-21";21.8
714;155;51600.0;"2016-09-14";12.2
715;157;230300.0;"2023-06-27";13.8
716;162;164300.0;"2024-10-07";9.9
717;200;134400.0;"2018-09-19";20.5
718;237;67200.0;"2022-04-19";3.8
719;237;237500.0;"2018-06-26";12.4
720;238;188500.0;"2018-06-24";18.8
721;250;186500.0;"2016-11-29";22.2
722;250;113700.0;"2023-06-10";5.8
723;253;162200.0;"2020-08-11";14.7
724;254;205700.0;"2022-09-27";19.0
725;254;246200.0;"2024-11-22";4.5
726;258;75400.0;"2022-12-05";20.0
727;258;42200.0;"2018-06-16";11.7
728;260;61400.0;"2018-02-17";14.0
729;260;65700.0;"2019-06-21";21.0
730;289;69600.0;"2022-12-10";5.5
731;289;245900.0;"2018-09-11";8.6
732;310;88400.0;"2018-01-27";16.3
733;313;149500.0;"2018-05-04";2.2
734;313;35900.0;"2015-08-19";12.1
735;336;181600.0;"2019-07-08";4.9
736;336;70000.0;"2025-08-22";9.1
737;341;38000.0;"2016-10-07";12.8
738;367;90900.0;"2020-10-04";15.7
739;367;119400.0;"2018-08-23";16.8
740;386;235300.0;"2020-10-08";0.5
741;409;161200.0;"2019-04-05";1.7
742;409;232600.0;"2025-10-24";21.3
743;409;182700.0;"2016-10-04";21.2
744;412;194200.0;"2026-04-12";7.5
745;429;203000.0;"2019-03-28";6.0
746;442;212800.0;"2020-02-16";7.3
747;442;141300.0;"2023-08-17";18.7
748;442;131600.0;"2025-10-08";12.5
749;451;71200.0;"2024-05-30";23.2
750;451;78400.0;"2021-08-18";3.1
751;482;63000.0;"2020-12-25";22.8
752;482;169000.0;"2019-04-24";16.1
753;482;226600.0;"2019-05-12";22.7
754;490;100800.0;"2022-01-25";11.7
755;493;110000.0;"2019-10-20";13.0
756;493;106000.0;"2020-04-28";19.6
757;500;194700.0;"2016-03-19";0.2
758;500;64100.0;"2016-10-02";18.8
759;500;224400.0;"2019-01-01";9.1
760;513;114800.0;"2021-07-08";12.0
761;1030;27300.0;"2021-09-10";16.2
762;1030;176700.0;"2015-10-20";10.4
763;14;84400.0;"2015-03-02";8.9
764;43;227500.0;"2019-10-03";14.9
765;44;202500.0;"2015-03-08";12.8
766;44;156000.0;"2022-05-14";9.0
767;44;43100.0;"2016-03-18";2.8
768;46;201300.0;"2019-05-26";16.5
769;61;178400.0;"2016-01-04";17.7
770;61;166100.0;"2016-01-03";13.1
771;63;221200.0;"2025-10-29";15.9
772;67;172900.0;"2019-10-08";6.5
773;67;75500.0;"2016-05-14";6.1
774;67;157400.0;"2021-04-23";6.0
775;74;168900.0;"2019-05-17";19.3
776;74;153800.0;"2015-10-17";23.3
777;75;248500.0;"2024-01-05";8.6
778;100;161600.0;"2022-07-17";8.0
779;100;63000.0;"2016-12-09";4.4
780;113;168300.0;"2026-01-21";15.0
781;113;192200.0;"2024-01-29";5.6
782;114;189100.0;"2018-04-15";8.7
783;114;30000.0;"2015-11-07";7.3
784;176;218300.0;"2022-07-17";13.6
785;176;118400.0;"2023-03-22";12.5
786;177;34200.0;"2022-11-02";9.6
787;177;66200.0;"2023-03-12";0.0
788;187;129700.0;"2021-04-28";2.9
789;187;76500.0;"2021-12-01";20.0
790;195;196900.0;"2023-04-24";11.1
791;195;238400.0;"2026-03-04";0.0
792;195;183100.0;"2015-10-18";24.6
793;211;34400.0;"2022-01-27";22.7
794;221;221200.0;"2017-05-01";9.5
795;221;182400.0;"2019-10-30";0.0
796;223;169700.0;"2016-07-29";9.2
797;232;145800.0;"2022-11-28";2.0
798;233;207400.0;"2016-07-04";18.1
799;241;226000.0;"2024-08-07";24.2
800;241;217500.0;"2017-07-28";2.3
801;287;152200.0;"2019-10-31";19.1
802;316;196200.0;"2023-12-13";17.6
803;331;205000.0;"2024-12-02";24.5
804;331;215000.0;"2023-08-28";22.3
805;340;164500.0;"2021-03-03";12.5
806;340;180500.0;"2018-11-22";2.0
807;340;129300.0;"2023-01-06";9.5
808;349;190000.0;"2018-04-06";6.1
809;349;210300.0;"2024-03-18";6.7
810;356;206400.0;"2016-04-27";10.8
811;365;213900.0;"2022-05-10";12.0
812;365;99100.0;"2021-10-03";24.7
813;399;131500.0;"2016-03-17";5.3
814;399;62300.0;"2021-10-25";13.8
815;405;63200.0;"2023-08-21";24.5
816;405;221200.0;"2025-01-11";2.7
817;405;75400.0;"2017-03-05";20.1
818;413;149800.0;"2017-03-30";24.3
819;415;139000.0;"2021-01-19";24.5
820;417;193700.0;"2017-02-07";19.5
821;435;61500.0;"2018-04-28";23.1
822;436;122800.0;"2024-07-26";19.6
823;436;118100.0;"2015-02-09";24.9
824;474;109600.0;"2021-06-22";18.7
825;474;153000.0;"2020-09-13";9.3
826;476;159300.0;"2019-02-14";0.0
827;483;82000.0;"2025-12-13";0.0
828;483;192900.0;"2018-03-24";24.5
829;483;49900.0;"2018-09-15";10.7
830;491;79600.0;"2018-05-31";22.2
831;491;69700.0;"2020-06-19";12.0
832;491;217500.0;"2016-02-24";9.0
833;508;238000.0;"2023-04-01";14.5
834;508;179200.0;"2024-08-30";5.3
835;1026;93900.0;"2017-10-29";20.5
836;1026;101700.0;"2017-08-10";21.9
837;1033;157500.0;"2024-05-17";2.6
838;31;115000.0;"2021-10-17";25.0
839;35;235800.0;"2016-02-12";2.1
840;35;179500.0;"2018-02-24";18.1
841;49;95000.0;"2023-05-19";9.1
842;49;213800.0;"2015-06-12";6.6
843;68;167200.0;"2018-07-23";8.2
844;68;47200.0;"2017-05-15";1.4
845;70;68800.0;"2023-09-14";18.3
846;70;41200.0;"2017-04-26";8.9
847;70;233500.0;"2020-01-15";18.6
848;89;60900.0;"2019-03-14";16.0
849;89;227300.0;"2015-01-05";13.5
850;97;198800.0;"2017-07-15";6.7
851;97;131800.0;"2016-07-05";19.2
852;104;121300.0;"2023-01-12";23.8
853;104;196900.0;"2020-03-13";12.1
854;104;56100.0;"2016-07-20";22.5
855;120;152500.0;"2016-04-30";1.0
856;150;102200.0;"2020-03-26";21.6
857;150;233200.0;"2022-02-02";17.0
858;151;116000.0;"2021-05-07";2.0
859;151;131400.0;"2023-04-02";17.3
860;189;145800.0;"2016-10-10";8.5
861;191;42100.0;"2023-04-18";18.3
862;191;121100.0;"2021-06-10";22.9
863;191;107400.0;"2023-10-11";7.4
864;192;187600.0;"2022-06-23";11.5
865;192;228800.0;"2019-01-31";5.7
866;201;219600.0;"2024-12-01";0.1
867;201;212900.0;"2018-10-19";18.5
868;214;53000.0;"2024-05-03";24.9
869;219;183300.0;"2021-10-13";10.6
870;228;226600.0;"2018-12-27";4.8
871;236;185400.0;"2023-08-02";18.2
872;236;55000.0;"2017-08-06";24.2
873;265;206900.0;"2026-04-29";13.5
874;265;120700.0;"2020-09-17";13.7
875;284;233400.0;"2018-05-05";12.5
876;284;223700.0;"2026-05-02";10.9
877;284;122400.0;"2016-05-14";3.0
878;292;27900.0;"2019-02-24";18.7
879;292;238900.0;"2020-01-10";9.0
880;299;158600.0;"2024-06-04";3.1
881;362;226100.0;"2018-09-23";18.0
882;366;73300.0;"2021-05-06";23.0
883;366;139100.0;"2023-12-05";11.8
884;366;248700.0;"2016-06-05";20.4
885;382;117600.0;"2021-03-19";17.8
886;382;171200.0;"2023-12-13";9.4
887;382;53300.0;"2020-06-27";0.0
888;389;116000.0;"2025-01-10";2.9
889;389;106000.0;"2019-04-21";20.9
890;391;36500.0;"2024-01-23";14.2
891;391;179300.0;"2026-06-17";16.0
892;403;62300.0;"2021-08-29";6.4
893;403;173200.0;"2015-06-05";23.3
894;403;107500.0;"2023-06-23";17.8
895;456;114400.0;"2026-01-02";2.3
896;478;181100.0;"2015-03-22";0.0
897;478;31000.0;"2016-01-17";15.0
898;529;161700.0;"2017-08-28";24.2
899;536;36000.0;"2018-05-30";19.7
